	count
ACACACATGNCCTAGGTGT	0.0488781828135178
ACACACATGNCTTCACTGG	0.0253500106460418
AGCAGATCGNATCCTGTTG	0.0458261930498084
AGCAGATCGNCTTCACTGG	0.0344853327806931
ATACAAGCTNAGAGGTAGA	0.0784385368058179
ATACAAGCTNATCCTGTTG	0.00367071759068422
ATACAAGCTNATTAGACGC	0.0444792474568458
ATACAAGCTNCCTAGGTGT	0.00143211806353109
ATACAAGCTNCTTCACTGG	0.0796000617737412
ATCTTTAAGNCTTCACTGG	0.0335500856634035
CTGTCTTCGNCCTAGGTGT	0.0545812104812328
CTTAGCCAANAGAGGTAGA	0.00110195744378013
CTTAGCCAANATCCTGTTG	0.00260849237938642
CTTAGCCAANATTAGACGC	0.0269154343303718
CTTAGCCAANCCTAGGTGT	0.00994843599996195
CTTAGCCAANCTTCACTGG	0.019386861910787
CTTCGTAAGNATCCTGTTG	0.0194233414445792
CTTCGTAAGNCTTCACTGG	0.028180838814085
GGAGAATATNCTTCACTGG	0.0237871106197357
TAGCTATAGNATCCTGTTG	0.00160116104631373
TAGCTATAGNATTAGACGC	0.378064550029492
TAGCTATAGNCCTAGGTGT	0.000854985442764102
TAGCTATAGNCTTCACTGG	0.0282793073670962
TCGAGCACGNATCCTGTTG	0.0340613310738039
TCGAGCACGNCTTCACTGG	0.000139521039734773
TCTGTCGCANATTAGACGC	0.0108563431297239
TGAAGCATGNAGAGGTAGA	0.00247840123488413
TGAAGCATGNATCCTGTTG	0.00148494199342174
TGAAGCATGNATTAGACGC	0.00769194597213388
TGAAGCATGNCCTAGGTGT	0.000428584222933506
TGAAGCATGNCTTCACTGG	0.264409512798123
