Names,Sequences
Hipposideros_armiger,MPHSSLHPSVPRPRGRWTK-KAAFVLLSICLAVLWVLGEPADHILKWLVLHQASVQLGLLFKRVCSLAEELFHVHSRYQGSYWRAARACLGCPITYGALLLLSCYFYIYLPNIAGLPFTWVFALLGVSQALNILLGFQELAPAEVSTVCEHGNFNVAHGLAWSYYIGYLRLILPGLPARIRAFNQFHNNTMR---SHRLYILFPLDCGVPDDLSVADPNIRFLYELPQQSADRAGIKGRVYKNSIYEILENGKPVATCVLEYATPLQTLFAMSQDSRAGFSREDRLEQAKLFCRTLEDILADAPESQNNCHLIVYLEPAEESGFSLSQEILRRLKQEEKEEVALGTMGTS--VVPGSSTLHEEPQLLISGMDQPLPLRTDVF
Rhinolophus_sinicus,MPHSSLHPSIPRPRGHRAK-KAAFVLLSACLAALWELGEPADHVLRWLVLHLASEQLGLLLKGLCSLAEEMCHVHSRYQGSYWRVVRACLGCPIRCGALLLLSCYCYTFLPNTAGLPFAWIVALLGLSQALNILLDLQGLAPAVVSTICEQRNFNVAHGLAWSYYIGYLRLILPGLQARIRTYNQRHNNTARGAGSCKLYILLPLDCGVPDNLSEADPNIRFLHKLPEQSADRAGIKGRVYTNSIYEILENGKPVGTCILEYATPLQTLLAMSQDSRAGFSREERLEQAKLFCQTLADILADAPDSQ-NCRLIVYLEAAEGSSFSLSQEILKHLKQEEKEEVTMGTLGPP--GMPEPSTLDEEPQLLISGMDQPLPLRTDVF
Rhinolophus_ferrumequinum,MPHSSLHPSIPRPRGHRAK-KAAFVLLSTCLAALWELGEPADHILRWLVLHLASEQLGLLFKGLCSLAEEIRHVHSRYQGSYWRAFRACLGCPIRCGVLLLLSCYCYTFLPNTASLPFAWIVALLGLSQALNILLDLQGLAPAVVSTVCEQGNFNVAHGLAWSYYIGYLRLILPGLQARIHTYNQRHNNTVRGTGVHKLYILLPLDCGVPDDLSVADPNIRFLHELPKQSADRAGIKGRVYTNSIYEILENGKPVGTCVLEYATPLQTLFAMSQDSRAGFSREERLEQAKLFCQTLGDILADVPESQ-YCRLIVYLDAAEGSSFSLSQEILKHLKQEEKEEVTVGTMGSS--GVLESSTLDKEPQLLISGMDQPLPLRTDVF
Rhinolophus_ferrumequinum_v2,MPHSSLHPSIPRPRGHRAK-KAAFVLLSTCLAALWELGEPADHILRWLVLHLASEQLGLLFKGLCSLAEEIRHVHSRYQGSYWRAFRACLGCPIRCGVLLLLSCYCYTFLPNTAGLPFAWIVALLGLSQALNILLDLQGLAPAVVSTVCEQGNFNVAHGLAWSYYIGYLRLILPGLQARIHTYNQRHNNTVRGTGVHKLYILLPLDCGVPDDLSVADPNIRFLHELPKQSADRAGIKGRVYTNSIYEILENGKPVGTCVLEYATPLQTLFAMSQDSRAGFSREERLEQAKLFCQTLGDILADVPESQ-YCRLIVYLDAAEGSSFSLSQEILKHLKQEEKEEVTVGTMGSS--GVLESSTLDKEPQLLISGMDQPLPLRTDVF
Rousettus_aegyptiacus,MSHSSLHPSIPRPRGRRARNIAAFVLLIVCLAALWLSGKPSEYTLRCLVLHLASQQLGLLSNRVCYLAEELSHIHSRYRGNYWRAVRACLSCPIRFGVVLLVSFYFYTSLPNIDDLPLTWMLAHLGFSEALNILLGLRGLTPAEVSTVCEQRHFNVAHGLAWSYYIGYLRLILPGLRARIHTYNQLHGNTLQGVGSHRLYILFPLDCGVLDDLSAADPNIRFLHELPRQSSDRAGIKNRVYTNSVYELLEKGKPVGTCVLEYATPLQTLFAMSQDARAGFSQEDRLEQAKLFCRTLADILADDPESQKSCRLIVYQEPTEESDFSLSQAILKHLRQEEREEVTVGTVGTY--EAPGSSTLHQEPELLISGMDQPLPLRTDIF
Eidolon_helvum,MSHSSLHPSIPWPRGHKAK-VAAFVLLIVCLAALWKLGEPSDHLLQWLVLHLASLHLRLLFKRVCCLAEELCHIHPRYQGNYSRAVRACLGCPIRYGAVLLLSCYFYVSLPNTVDLPLTWMLAHLGLSEALNILLGLQSLTPAEISTICEQRNFNVAHGLAWSYYIGYLQLILPGLRARIHTYNQLHSNTLQGVGSHRLYILFPLDCGVLDDLSAADPNIRFLHELPRQSADRAGIKGRVYTNSVYELLEKGKPVGTCVLEYATPLQTLFAMSQDGRAGFSQEDRLEQAKLFCRTLEDILADAPESQKNCRLIVYQEPTEESDFSLSQEILKHLRQEEREEVTMGTAGTF--VAPGSSTLHQEPELLISGMDQPLPLRTDIF
Pteropus_vampyrus,MSHSSLHPSIPRPRGHRAE-MAAFVLLIVCLAALWVLGEPSEYMLRCLGFYLASLQLKLLFKRVCSLAEELCHIHSRYQGNYWRAIRACLGCPIHYGALLLLSCYFYTTLPNIVDSPLTWMLAQLGLSEALNILLGLQGLTPAEVSTICEQKNFNVAHGLAWSYYIGYLRLILPGLRARIHTYNQLHSNTLRGVGSHRLYILFPLDCGVLDDLSAADPNIRFLHELPRQSADRAGIKSRVYTNSIYELLEKGKPVGTCVLEYATPLQTLFAMSQDGRAGFSQEDRLEQAKLFCRTLEDILADAPEFQKSCRLIVYQEPTEESDFSLSQEILKHLRQEEKEEVTVGTVSSTLHQEPVSSTLYQEPELLISGMDQPLPLRTDIF
Pteropus_giganteus,MSHSSLHPSIPRPRGHRAE-MAASVLLIVCLAALWVLGEPSEYMLRCLGLYLASLQLKLLFKRVCYLAEELCHIHSRYQGNYWRAIRACLGCPIHYGALLLLSCYFYTSLPNTVDSPLTWMLAQLGLSEALSILLGLQALTPAEVSTICEQKNFNVAHGLAWSYYIGYLRLILPGLRARIHTYNQLHSNTLRGVGSHRLYILFPLDCGVLDDLSAADPNIRFLHELPRQSADRAGIKSRVYTNSIYELLEKGKPVGTCVLEYATPLQTLFAMSQDGRAGFSQEDRLEQAKLFCRTLEDILADAPEFQKSCRLIVYQEPTEESDFSLSQEILKHLRQEEKEEVTVGTVSSTLYQEPVSSTLHQEPELLISGMDQPLPLRTDIF
Pteropus_alecto,MSHSSLHPSIPRPRGHRAE-MAASVLLIVCLAALWVLGEPSEYMLWCLGLHLASLQLKLLFKRVCYLAEELCHIHSRYQGNYWRAVRACLGCPIHYGVLLLLSCYFYTTLPNTVDSPLTWMLAQLGLSEALSILLGLQALTPAEVSTICEQKNFNVAHGLAWSYYIGYLRLILPGLRARIHTYNQLHSNTLRGVGSHRLYILFPLDCGVLDDLSAADPNIRFLDELPRQSADRAGIKSRVYTNSIYELLEKGKPVGTCVLEYATPLQTLFAMSQDGRAGFSQEDRLEQAKLFCRTLEDILADAPEFQKSCRLIVYQEPTEESDFSLSQEILKHLRQEEKEEVTVGTVSSTLHQEPVSSTLHQEPELLISGMDQPLPLRTDIF
Homo_sapiens,MPHSSLHPSIPCPRGHGAQ-KAALVLLSACLVTLWGLGEPPEHTLRYLVLHLASLQLGLLLNGVCSLAEELRHIHSRYRGSYWRTVRACLGCPLRRGALLLLSIYFYYSLPNAVGPPFTWMLALLGLSQALNILLGLKGLAPAEISAVCEKGNFNVAHGLAWSYYIGYLRLILPELQARIRTYNQHYNNLLRGAVSQRLYILLPLDCGVPDNLSMADPNIRFLDKLPQQTGDHAGIKDRVYSNSIYELLENGQRAGTCVLEYATPLQTLFAMSQYSQAGFSREDRLEQAKLFCRTLEDILADAPESQNNCRLIAYQEPADDSSFSLSQEVLRHLRQEEKEEVTVGSLKTS--AVPSTSTMSQEPELLISGMEKPLPLRTDFS
Molossus_molossus,MPHSSLHPSIPRPRSHGAK-KAAFVLLSACLVAFWGLSEPPDRILQWLVLHQASLQLGLLFKRVCNLVEELCHVHSRYQGSYWRAVQACLGCPIRFVTLLLLSCFYYIFFPNISGLPFTWLLPLLGLSEALSILLNFQVPAPAEVSTVCEQNNFNVAHGLAWSFYIGYLKLILPGLRARIRSFNQLHDNMLRSAGSHRLYILFPLDCGVSDNLNVVDPNIRFLNELPRQITDRAGIKGRVYTNSIYELLENGRPVAACVLEYATPLQTLFAMSHDSRAGFSRENRLEQAKLFCQTLENILADDPECQNNCRLIVYQDPAEKSNFSLSQEILRHLRQEEKEEVTVGNVGTS--VVPGPSTLPKEPELLISDMDPPLPLRTDIF
Pteronotus_parnellii,MLHSSLHPSIPQPRGRRAK-KAAFVLLSVCLVVLWDLGERPEHILQWLMLHLASLQLGLLFKGVCSLVEELRHVHSRYQGSYWKAVRACLGCPIRCGTLLLLSCYFYTPFPNTTHLPFTWTLALLGLSQALSILLDLQDLAPAEVSAVCERRNLNVAQGMAWSFYIGYLRLILPGLPARIHSYNQHHNNLLRGAGSHRLYILFPLDCGVPDDLSMVDPNIRFLHELPLQKADRAGIKSRVYTNSVYELLENGRPVGACVLEYATPLQTLFAMSQDSRAGFSREDRLEQAKLFCKTLEDILADAPECQNNCRLVVYQEPAEGGNFSLSQEILRHLKQEEKEEVTVDSARTS--VMPDPSMLPQGPELLISSMDQPLPLRTDVF
Phyllostomus_discolor,MAYSSLHPSIPQPRGPRAK-KAALVLLSVCLVALWHLGEQPKHILQWLTLHLASVQLGLLLKRVCHLAEELRHIHSRYQGSYWKAVRACMGCPIRCGTLLLLSCYFIASLPSPADPPFTWMLVLLSLSEAVNILLDLQCLAPAEVSAVCEQRKLNVAHGLAWSFYIGYLKLILPELPARIRSYNQHHNNTLQGTASHRLYILIPLDCGVPDSLSVVDSNIRFLHELPPQKADRAGIKSRVYTNSIYELLENGRPVGTCVLEYATPLQTLFAMSQDSRAAFSREDRLEQAKLFCQTLEDILEDAPEYRKNCRFIIYQESAEGSSFSLSQEILRHLKQEEKEEVIVDSARTS--AMPDSSTLYQEPELLISSTDQPLPLRTDVY
Phyllostomus_hastatus,MAYSSLHPSIPQPRGPRAK-KAALVLLSICLVALWHLGEQPKHILWWLTLHLASVQLGLLLKRVCHLTEELRHIHSRYQSSYWKAVRACMGCPIRCGTLLLLSCYFIAFLPSPADLPFTWMLMLLSLSEALNILLDLQCLAPAEVSAVCEQRKLNVAHGLAWSFYIGYLKLILPELPARIRSYNQHHNNTLQGTASHRLYILIPLDCGVPNDLSVVDPNIRFLHELPLQKADRAGIKSRVYTNSIYELLENGRLVGTCVLEYATPLQTLFAMSQDSRAAFSREDRLEQAKLFCRTLEDILEDAPEYRKNCRLIVYQESAEGSSFSLSQEILRHLKQEEKEEVIVDSARTS--VMPDSSTLYQEPELLISSTDQPLPLRTDVY
Desmodus_rotundus,MAYSSLHPSIPRPRGHRAK-KAAFVLLSVGLAALWHLGEPPEHILQWLTLHLASLQLGLLLKGVCHLAEELCHVHSRYQDSYWKAVRACLGCPIRCGALLLLSCYFNASLPNPAGLPFTWMLALLSLSEALSNLLDLQSLAPAEVSAVCEQRNFNVAHGLAWSFYIGYLRLILPELPARIRTYNQRHNNMLQGTASHRLYILFPLDCGVPDDLSVVDPNIRFLHELPLQKADRAGIKSRVYTNSIYELLENGRQVGTCVLEYATPLQTLFAMSQDSRAGFSREDRLEQAKLFCRTLEDILADAPECQKNCRLIVYQESTEGSSFSLSQEILRHLKQEEKEEITMDSARTS--VMPDSSTLHQEPQLLISSMDQPLPLRTDVF
Sturnira_hondurensis,MAYSSLHPSIPRRRGQRDK-KAAFVLLSVCLAALWLLDGQPGHILQQLTLHLASLQLGLLLQRVCHLAEELGHTHSRYQGSYWKAVRACLGCPIRCGAVLLLSCYFNASLPNPAGLPFTWMLALLGLSVAVSRLLDLQCLAPAEVSAVCEQKKLNVAHGLAWSFYIGYLRLILPELPARIRSYNQRHNNLLQGTASHRLYILFPLDCGVPDDLSMVDPNIRFLHELPQQKADRAGIKSRVYSNSIYELLENGRRVGTCVLEYATPLQTLFAMSQHTQAGFSREDRLEQAKLFCRTLDDILADAPECQKNCRLIVYQESTEESSFSLSQEILRHLKQEEKEEVTVDSARAS--AMPDPSTLHQEPELLISSMDQPLPLRTDVY
Artibeus_jamaicensis,MASSSLHPSIPRHRGKRDK-KAAFVLLSVCLAALCYLGGEPGHILQQLTLHLASLQLGLLLERVCRLAEELCHIHSRYQGSYWKAVRACLGCPIRCGAVLLLSCYFNASLPNPAGLSFTWMLALLGLSVAVSRIVDLQCLAPAEISAVCEQRKLNVAHGLAWSFYIGYLRLILPELPARIRSYNQRHNNMLQGRASHRLYILFPLDCGVPDNLSVVDPNIRFLHELPQQKADRAGIKSRVYSNSIYELLENGRRVGACVLEYATPLQTLFAMSQHTQAGFSREDRLEQAKLFCRTLEDILADAPECQKNYRLIVYQESTEESNFSLSQEILRHLRQEEKEEVAVDSARTS--VMPDSSTLHQEPELLISSMDQPLPLRTDVY
Miniopterus_natalensis,MPHSSLHPSIPQPRSHRAK-KAAFVLLSACLAALWGLGERPDHIVQWLVLHLASLQLGLLIKGICSLAEELNHIHSRYQGSHWRAVRACLGCPVRCGTLLLLSFYFYTP--NKNDLPFPWMLSFLGLSEALSILLDLKGLAPAEVSTVCEQRNFNVAHGLAWSYYIGYLRLILPGLPARIRSYNQLHNNMLRGAGSHRLYILFPLDCGVPDNLNTVDPNIRFLHELPQQSIDRAGIKGRVYTNSVYELLENGRPAGTCVLEYATPLQTLFAMSQDSRAAFSREDRLEQAKLFCRTLEDILADAPECQNNCRIIAYEEPTEGRSFSLSQEILRHLQQEEREEVTVGSVGTS--VAPDSSTEFQEPELLISEMDQPLPLRTDAF
Myotis_lucifugus,MPHSSLHPSIPRPRSHKAK-IAAAVLLIACLAAFWVLGESPKHILQCLLLHLASLQLGLLFKRVCSLVEELCHVHSRYQGSYRRAVRACLGSPIRCGVLVLLSCYFYDPLSNEAGLPFIWMLPFLGLSEALSIILDLQGLAPAEISTVCEQRNFNVAHGLAWSFYIGYLRLVLPGLPARIQSYNQSHNNILRGAASHRLYILFPLDCGVPDDLSVVDPNIRLLDELPPQLIDRAGIKARVYKNSIYELLENGKLVGTCVLEYATPLKTLFAMSQDSRAGFSRQDRLEQAKLFCRTLEDILADAPECQNNCRFIVYQEPEEESSFSLSQEILRHLQQEEREEVTVGSVGTS--VVPDSSTLNQEPQLLISEMDRPLPLRTDIF
Myotis_brandtii,MPHSSLHPSIPRPRSHKAK-IAAAVLLIACLAAFWVLGESPKHILQCLLLHLASLQLGLLFKRVCSLVEELCHVHSRYQGSYRRAVRACLGSPICFGVLVLLSWYFYDPLPNEAGSPFIWMLPLLGLSEALSIILDLQGLAPAEISTVCEQRNFNVAHGLAWSFYIGYLRLVLPGLPTRIQSYNQSHNNILRGAASHRLYILFPLDCGVPDDLSVVDPNIRLLDELPPQLIDRAGIKARVYKNSIYELLENGKLVGTCVLEYATPLKTLFAMSQDSRAGFSRQDRLEQAKLFCRTLEDILADAPECQNNCRFIVYQEPEEESSFSLSQEILRHLQQEEKEEVTVGSVGTS--VVPDSSTLNQEPQLLISEMDKPLPLRTDIF
Myotis_myotis,MPHSSLHPSIPRPRSHTAK-IAAAVLLIACVAAFWFLGESPKHVRQCLLLHLASLQLGLLFKRVCSLVEELRHIHSRYQGSYRRAVRACLGSPIRCGVLVLLSCYFYDPLPNEAGLPFTWMLSLLGLSEALSIILNLQGLAPAEISTVCEQKNFNVAHGLAWSFYIGYLRLVLPGLPARIQSYNQSHNNILRGAASHRLYILFPLDCGVPDDLSVVDPNIRFLHELPPQLTDRAGIKDRVYKNSIYELLENGRLVGTCVLEYATPLKTLFAMSQDSRAGFSRQDRLEQAKLFCRTLEDILADAPECQNNCRFIVYQEPEEESSFSLSQEILRHLQQEEREEVTVGSVGTS--VVPDSSTLNQEPELLISEMDKPLPLRTDIF
Myotis_davidii,MPHSSLHPSIPRPRSHTAK-IAAAGLLIACLAAFWFLGESPKHVLQCLLLHLASLQLGLLFKRVCSLVEELRHVHSRYQGSYRRAVRACLGSPIRCGVQVLLSCYFYDALSNKAGLPFTWMLPLLGLSEALSIILNLQGLAPAEISTVCEQRNFNVAHGLAWSFYIGYLRLVLPGLPARIQSYNQSHNNILRGAASHRLYILFPLDCGVPDDLSVVDPNIRFLHELPPQLTDRAGIKGRVYKNSIYELLENGRLVGTCVLEYATPLKTLFAMSQDSRAGFSRQDRLEQAKLFCRTLEDILADAPECQNNCRFIVYQEPEEESSFSLSQEILRHLQQEEREEVTVGSVGTS--VVPDSSTLNQEPELLISEMDKPLPLRTDIF
Eptesicus_fuscus,MPHSSLHPSIPRPRGHKAK-KAAFALLIACLAALWGLGEPPTHIIWWLVLHLISLQLRLLFKRVCSLVEELCHVHSRYQGSYWRAVQACLGCPICYGAPLLLSCYFYASLSNK-----ASMLSLLGLSEALSILLDLQGLAPAEVSAVCEQRNFNVAHGLAWSFYIGYLRLVLPGLPARIRSYNQLHNNMLQGAGSHRLYILFPLDCGVPDDLSVADPNIRFLHALPPQHSDRAGIKGRVYTNSVYELLENGRPVGTCVLEYATPLQTLFAMSQDSRAGFSREDRLEQAKLFCRTLEDILADAPECQNNCRFIVYQEPEEESSFSLSQEILRHLQQEEKEEVAVGNVGTL--AVPDSSTLNQEPELLISEMDQPLPLRTDIF
Pipistrellus_kuhlii,MPHSGLHPSIPRPRSHKAK-KAAFALLIACLAAFWGLEEPPTHILWWLALHLISQQLQLLFKRACSLAEELCHVHSRYQGSYSRAVQACLGCPIRYGALLLVSCYFYTSLPNK-----AWMLSLLGLSEALSILLDLQGLAPAEVSTVCEQRNFNVAHGLAWSFYIGYLRLVLPGLPARIRSYNQLHNNTLRGTGSHRLYILFPLDCGVPDDLSVVDPNIRFLHKLPPQLSDRAGIKDRIYTNSVYELLENGRQVGTCVLEYATPLQTLFAMSQDSRAGFSREDRLEQAKLFCRTLEDILADAPECQNNWRFIVYEEPEEESSFSLSQEILRHLQQEEREEVPVGNVGALA-AVPDSSTLTQEPELLISDMDQPLPLRTDIF