,Names,Sequences,Sequence_Grantham_Distance,Sequence_Grantham_Distance_Per_Residue
0,Hipposideros_armiger,MPHSSLHPSVPRPRGRWTK-KAAFVLLSICLAVLWVLGEPADHILKWLVLHQASVQLGLLFKRVCSLAEELFHVHSRYQGSYWRAARACLGCPITYGALLLLSCYFYIYLPNIAGLPFTWVFALLGVSQALNILLGFQELAPAEVSTVCEHGNFNVAHGLAWSYYIGYLRLILPGLPARIRAFNQFHNNTMR---SHRLYILFPLDCGVPDDLSVADPNIRFLYELPQQSADRAGIKGRVYKNSIYEILENGKPVATCVLEYATPLQTLFAMSQDSRAGFSREDRLEQAKLFCRTLEDILADAPESQNNCHLIVYLEPAEESGFSLSQEILRRLKQEEKEEVALGTMGTS--VVPGSSTLHEEPQLLISGMDQPLPLRTDVF,0,"[0, 0, 0, 0, 0, 0, 0, 0, 0, 0, 0, 0, 0, 0, 0, 0, 0, 0, 0, 0, 0, 0, 0, 0, 0, 0, 0, 0, 0, 0, 0, 0, 0, 0, 0, 0, 0, 0, 0, 0, 0, 0, 0, 0, 0, 0, 0, 0, 0, 0, 0, 0, 0, 0, 0, 0, 0, 0, 0, 0, 0, 0, 0, 0, 0, 0, 0, 0, 0, 0, 0, 0, 0, 0, 0, 0, 0, 0, 0, 0, 0, 0, 0, 0, 0, 0, 0, 0, 0, 0, 0, 0, 0, 0, 0, 0, 0, 0, 0, 0, 0, 0, 0, 0, 0, 0, 0, 0, 0, 0, 0, 0, 0, 0, 0, 0, 0, 0, 0, 0, 0, 0, 0, 0, 0, 0, 0, 0, 0, 0, 0, 0, 0, 0, 0, 0, 0, 0, 0, 0, 0, 0, 0, 0, 0, 0, 0, 0, 0, 0, 0, 0, 0, 0, 0, 0, 0, 0, 0, 0, 0, 0, 0, 0, 0, 0, 0, 0, 0, 0, 0, 0, 0, 0, 0, 0, 0, 0, 0, 0, 0, 0, 0, 0, 0, 0, 0, 0, 0, 0, 0, 0, 0, 0, 0, 0, 0, 0, 0, 0, 0, 0, 0, 0, 0, 0, 0, 0, 0, 0, 0, 0, 0, 0, 0, 0, 0, 0, 0, 0, 0, 0, 0, 0, 0, 0, 0, 0, 0, 0, 0, 0, 0, 0, 0, 0, 0, 0, 0, 0, 0, 0, 0, 0, 0, 0, 0, 0, 0, 0, 0, 0, 0, 0, 0, 0, 0, 0, 0, 0, 0, 0, 0, 0, 0, 0, 0, 0, 0, 0, 0, 0, 0, 0, 0, 0, 0, 0, 0, 0, 0, 0, 0, 0, 0, 0, 0, 0, 0, 0, 0, 0, 0, 0, 0, 0, 0, 0, 0, 0, 0, 0, 0, 0, 0, 0, 0, 0, 0, 0, 0, 0, 0, 0, 0, 0, 0, 0, 0, 0, 0, 0, 0, 0, 0, 0, 0, 0, 0, 0, 0, 0, 0, 0, 0, 0, 0, 0, 0, 0, 0, 0, 0, 0, 0, 0, 0, 0, 0, 0, 0, 0, 0, 0, 0, 0, 0, 0, 0, 0, 0, 0, 0, 0, 0, 0, 0, 0, 0, 0, 0, 0, 0, 0, 0, 0, 0, 0, 0, 0, 0, 0]"
1,Rhinolophus_sinicus,MPHSSLHPSIPRPRGHRAK-KAAFVLLSACLAALWELGEPADHVLRWLVLHLASEQLGLLLKGLCSLAEEMCHVHSRYQGSYWRVVRACLGCPIRCGALLLLSCYCYTFLPNTAGLPFAWIVALLGLSQALNILLDLQGLAPAVVSTICEQRNFNVAHGLAWSYYIGYLRLILPGLQARIRTYNQRHNNTARGAGSCKLYILLPLDCGVPDNLSEADPNIRFLHKLPEQSADRAGIKGRVYTNSIYEILENGKPVGTCILEYATPLQTLLAMSQDSRAGFSREERLEQAKLFCQTLADILADAPDSQ-NCRLIVYLEAAEGSSFSLSQEILKHLKQEEKEEVTMGTLGPP--GMPEPSTLDEEPQLLISGMDQPLPLRTDVF,7030,"[0, 0, 0, 0, 0, 0, 0, 0, 0, 29, 0, 0, 0, 0, 0, 29, 101, 58, 0, 0, 0, 0, 0, 0, 0, 0, 0, 0, 94, 0, 0, 0, 64, 0, 0, 121, 0, 0, 0, 0, 0, 0, 0, 29, 0, 26, 0, 0, 0, 0, 0, 113, 0, 0, 121, 0, 0, 0, 0, 0, 22, 0, 125, 32, 0, 0, 0, 0, 0, 0, 15, 205, 0, 0, 0, 0, 0, 0, 0, 0, 0, 0, 0, 0, 64, 64, 0, 0, 0, 0, 0, 0, 0, 0, 71, 194, 0, 0, 0, 0, 0, 0, 0, 0, 0, 205, 0, 89, 22, 0, 0, 0, 89, 0, 0, 0, 0, 0, 58, 0, 29, 50, 0, 0, 0, 0, 32, 0, 0, 0, 0, 0, 0, 0, 0, 94, 22, 0, 98, 0, 0, 0, 0, 121, 0, 0, 0, 29, 0, 0, 24, 125, 0, 0, 0, 0, 0, 0, 0, 0, 0, 0, 0, 0, 0, 0, 0, 0, 0, 0, 0, 0, 0, 0, 0, 0, 76, 0, 0, 0, 0, 58, 22, 0, 0, 97, 0, 0, 0, 0, 84, 0, 469, 358, 469, 0, 174, 26, 0, 0, 0, 0, 22, 0, 0, 0, 0, 0, 0, 0, 0, 23, 0, 0, 121, 0, 0, 0, 0, 0, 0, 0, 0, 83, 56, 0, 0, 29, 0, 0, 0, 0, 0, 0, 0, 0, 0, 0, 0, 0, 0, 78, 0, 0, 0, 0, 0, 0, 0, 0, 0, 0, 0, 0, 0, 60, 0, 0, 29, 0, 0, 0, 0, 0, 0, 0, 0, 0, 0, 22, 0, 0, 0, 0, 0, 0, 0, 0, 0, 0, 0, 0, 0, 45, 0, 0, 0, 0, 0, 0, 0, 0, 0, 43, 0, 0, 107, 0, 0, 0, 0, 0, 0, 0, 45, 0, 0, 922, 0, 0, 29, 0, 0, 0, 0, 0, 0, 27, 0, 0, 98, 0, 56, 0, 0, 0, 0, 0, 0, 0, 0, 26, 29, 0, 0, 0, 0, 0, 0, 0, 0, 0, 58, 15, 0, 0, 15, 0, 38, 74, 0, 0, 109, 21, 0, 98, 74, 0, 0, 0, 81, 0, 0, 0, 0, 0, 0, 0, 0, 0, 0, 0, 0, 0, 0, 0, 0, 0, 0, 0, 0, 0]"
2,Rhinolophus_ferrumequinum,MPHSSLHPSIPRPRGHRAK-KAAFVLLSTCLAALWELGEPADHILRWLVLHLASEQLGLLFKGLCSLAEEIRHVHSRYQGSYWRAFRACLGCPIRCGVLLLLSCYCYTFLPNTASLPFAWIVALLGLSQALNILLDLQGLAPAVVSTVCEQGNFNVAHGLAWSYYIGYLRLILPGLQARIHTYNQRHNNTVRGTGVHKLYILLPLDCGVPDDLSVADPNIRFLHELPKQSADRAGIKGRVYTNSIYEILENGKPVGTCVLEYATPLQTLFAMSQDSRAGFSREERLEQAKLFCQTLGDILADVPESQ-YCRLIVYLDAAEGSSFSLSQEILKHLKQEEKEEVTVGTMGSS--GVLESSTLDKEPQLLISGMDQPLPLRTDVF,6847,"[0, 0, 0, 0, 0, 0, 0, 0, 0, 29, 0, 0, 0, 0, 0, 29, 101, 58, 0, 0, 0, 0, 0, 0, 0, 0, 0, 0, 89, 0, 0, 0, 64, 0, 0, 121, 0, 0, 0, 0, 0, 0, 0, 0, 0, 26, 0, 0, 0, 0, 0, 113, 0, 0, 121, 0, 0, 0, 0, 0, 0, 0, 125, 32, 0, 0, 0, 0, 0, 0, 5, 97, 0, 0, 0, 0, 0, 0, 0, 0, 0, 0, 0, 0, 0, 113, 0, 0, 0, 0, 0, 0, 0, 0, 71, 194, 0, 64, 0, 0, 0, 0, 0, 0, 0, 205, 0, 89, 22, 0, 0, 0, 89, 0, 56, 0, 0, 0, 58, 0, 29, 50, 0, 0, 0, 0, 32, 0, 0, 0, 0, 0, 0, 0, 0, 94, 22, 0, 98, 0, 0, 0, 0, 121, 0, 0, 0, 0, 0, 0, 24, 0, 0, 0, 0, 0, 0, 0, 0, 0, 0, 0, 0, 0, 0, 0, 0, 0, 0, 0, 0, 0, 0, 0, 0, 0, 76, 0, 0, 0, 29, 58, 22, 0, 0, 97, 0, 0, 0, 0, 21, 0, 469, 504, 469, 124, 0, 26, 0, 0, 0, 0, 22, 0, 0, 0, 0, 0, 0, 0, 0, 0, 0, 0, 0, 0, 0, 0, 0, 0, 0, 0, 0, 83, 0, 0, 0, 53, 0, 0, 0, 0, 0, 0, 0, 0, 0, 0, 0, 0, 0, 78, 0, 0, 0, 0, 0, 0, 0, 0, 0, 0, 0, 0, 0, 60, 0, 0, 0, 0, 0, 0, 0, 0, 0, 0, 0, 0, 0, 0, 0, 0, 0, 0, 0, 0, 0, 0, 0, 0, 0, 0, 0, 45, 0, 0, 0, 0, 0, 0, 0, 0, 0, 43, 0, 0, 98, 0, 0, 0, 0, 0, 64, 0, 0, 0, 0, 922, 143, 0, 29, 0, 0, 0, 0, 0, 45, 27, 0, 0, 98, 0, 56, 0, 0, 0, 0, 0, 0, 0, 0, 26, 29, 0, 0, 0, 0, 0, 0, 0, 0, 0, 58, 32, 0, 0, 0, 0, 58, 0, 0, 0, 109, 0, 98, 98, 0, 0, 0, 0, 81, 56, 0, 0, 0, 0, 0, 0, 0, 0, 0, 0, 0, 0, 0, 0, 0, 0, 0, 0, 0, 0]"
3,Rhinolophus_ferrumequinum_v2,MPHSSLHPSIPRPRGHRAK-KAAFVLLSTCLAALWELGEPADHILRWLVLHLASEQLGLLFKGLCSLAEEIRHVHSRYQGSYWRAFRACLGCPIRCGVLLLLSCYCYTFLPNTAGLPFAWIVALLGLSQALNILLDLQGLAPAVVSTVCEQGNFNVAHGLAWSYYIGYLRLILPGLQARIHTYNQRHNNTVRGTGVHKLYILLPLDCGVPDDLSVADPNIRFLHELPKQSADRAGIKGRVYTNSIYEILENGKPVGTCVLEYATPLQTLFAMSQDSRAGFSREERLEQAKLFCQTLGDILADVPESQ-YCRLIVYLDAAEGSSFSLSQEILKHLKQEEKEEVTVGTMGSS--GVLESSTLDKEPQLLISGMDQPLPLRTDVF,6791,"[0, 0, 0, 0, 0, 0, 0, 0, 0, 29, 0, 0, 0, 0, 0, 29, 101, 58, 0, 0, 0, 0, 0, 0, 0, 0, 0, 0, 89, 0, 0, 0, 64, 0, 0, 121, 0, 0, 0, 0, 0, 0, 0, 0, 0, 26, 0, 0, 0, 0, 0, 113, 0, 0, 121, 0, 0, 0, 0, 0, 0, 0, 125, 32, 0, 0, 0, 0, 0, 0, 5, 97, 0, 0, 0, 0, 0, 0, 0, 0, 0, 0, 0, 0, 0, 113, 0, 0, 0, 0, 0, 0, 0, 0, 71, 194, 0, 64, 0, 0, 0, 0, 0, 0, 0, 205, 0, 89, 22, 0, 0, 0, 89, 0, 0, 0, 0, 0, 58, 0, 29, 50, 0, 0, 0, 0, 32, 0, 0, 0, 0, 0, 0, 0, 0, 94, 22, 0, 98, 0, 0, 0, 0, 121, 0, 0, 0, 0, 0, 0, 24, 0, 0, 0, 0, 0, 0, 0, 0, 0, 0, 0, 0, 0, 0, 0, 0, 0, 0, 0, 0, 0, 0, 0, 0, 0, 76, 0, 0, 0, 29, 58, 22, 0, 0, 97, 0, 0, 0, 0, 21, 0, 469, 504, 469, 124, 0, 26, 0, 0, 0, 0, 22, 0, 0, 0, 0, 0, 0, 0, 0, 0, 0, 0, 0, 0, 0, 0, 0, 0, 0, 0, 0, 83, 0, 0, 0, 53, 0, 0, 0, 0, 0, 0, 0, 0, 0, 0, 0, 0, 0, 78, 0, 0, 0, 0, 0, 0, 0, 0, 0, 0, 0, 0, 0, 60, 0, 0, 0, 0, 0, 0, 0, 0, 0, 0, 0, 0, 0, 0, 0, 0, 0, 0, 0, 0, 0, 0, 0, 0, 0, 0, 0, 45, 0, 0, 0, 0, 0, 0, 0, 0, 0, 43, 0, 0, 98, 0, 0, 0, 0, 0, 64, 0, 0, 0, 0, 922, 143, 0, 29, 0, 0, 0, 0, 0, 45, 27, 0, 0, 98, 0, 56, 0, 0, 0, 0, 0, 0, 0, 0, 26, 29, 0, 0, 0, 0, 0, 0, 0, 0, 0, 58, 32, 0, 0, 0, 0, 58, 0, 0, 0, 109, 0, 98, 98, 0, 0, 0, 0, 81, 56, 0, 0, 0, 0, 0, 0, 0, 0, 0, 0, 0, 0, 0, 0, 0, 0, 0, 0, 0, 0]"
4,Rousettus_aegyptiacus,MSHSSLHPSIPRPRGRRARNIAAFVLLIVCLAALWLSGKPSEYTLRCLVLHLASQQLGLLSNRVCYLAEELSHIHSRYRGNYWRAVRACLSCPIRFGVVLLVSFYFYTSLPNIDDLPLTWMLAHLGFSEALNILLGLRGLTPAEVSTVCEQRHFNVAHGLAWSYYIGYLRLILPGLRARIHTYNQLHGNTLQGVGSHRLYILFPLDCGVLDDLSAADPNIRFLHELPRQSSDRAGIKNRVYTNSVYELLEKGKPVGTCVLEYATPLQTLFAMSQDARAGFSQEDRLEQAKLFCRTLADILADDPESQKSCRLIVYQEPTEESDFSLSQAILKHLRQEEREEVTVGTVGTY--EAPGSSTLHQEPELLISGMDQPLPLRTDIF,8808,"[0, 74, 0, 0, 0, 0, 0, 0, 0, 29, 0, 0, 0, 0, 0, 0, 101, 58, 26, 922, 102, 0, 0, 0, 0, 0, 0, 142, 29, 0, 0, 0, 64, 0, 0, 32, 145, 0, 56, 0, 99, 45, 83, 89, 0, 26, 215, 0, 0, 0, 0, 113, 0, 0, 96, 0, 0, 0, 0, 0, 155, 94, 0, 0, 0, 144, 0, 0, 0, 0, 0, 155, 0, 29, 0, 0, 0, 0, 43, 0, 46, 0, 0, 0, 0, 64, 0, 0, 0, 0, 56, 0, 0, 0, 71, 22, 0, 64, 32, 0, 0, 32, 0, 205, 0, 0, 0, 89, 144, 0, 0, 0, 0, 126, 94, 0, 0, 22, 0, 0, 21, 22, 0, 99, 0, 0, 50, 0, 29, 0, 0, 0, 0, 0, 0, 0, 22, 43, 98, 0, 58, 0, 0, 0, 0, 0, 0, 0, 0, 0, 24, 125, 68, 0, 0, 0, 0, 0, 0, 0, 0, 0, 0, 0, 0, 0, 0, 0, 0, 0, 0, 0, 0, 0, 0, 0, 103, 0, 0, 0, 29, 58, 22, 0, 0, 22, 0, 80, 0, 0, 15, 43, 469, 323, 469, 0, 0, 0, 0, 0, 0, 0, 0, 0, 0, 0, 0, 0, 0, 98, 0, 0, 0, 0, 64, 0, 0, 0, 0, 0, 0, 0, 0, 83, 0, 0, 0, 43, 0, 0, 99, 0, 0, 0, 0, 0, 0, 80, 0, 0, 0, 78, 0, 0, 29, 0, 0, 5, 0, 0, 94, 0, 0, 0, 0, 60, 0, 0, 0, 0, 0, 0, 0, 0, 0, 0, 0, 0, 0, 0, 0, 0, 0, 0, 0, 99, 0, 0, 0, 0, 0, 43, 0, 0, 0, 0, 0, 0, 0, 0, 0, 0, 0, 0, 0, 0, 107, 0, 0, 0, 0, 0, 126, 0, 0, 0, 0, 94, 46, 0, 29, 0, 0, 0, 0, 113, 0, 0, 58, 0, 0, 0, 94, 0, 0, 0, 0, 0, 107, 0, 0, 26, 29, 0, 26, 0, 0, 0, 26, 0, 0, 0, 58, 32, 0, 0, 21, 0, 0, 144, 0, 0, 121, 64, 0, 0, 0, 0, 0, 0, 0, 29, 0, 0, 29, 0, 0, 0, 0, 0, 0, 0, 0, 0, 0, 0, 0, 0, 0, 0, 29, 0]"
5,Eidolon_helvum,MSHSSLHPSIPWPRGHKAK-VAAFVLLIVCLAALWKLGEPSDHLLQWLVLHLASLHLRLLFKRVCCLAEELCHIHPRYQGNYSRAVRACLGCPIRYGAVLLLSCYFYVSLPNTVDLPLTWMLAHLGLSEALNILLGLQSLTPAEISTICEQRNFNVAHGLAWSYYIGYLQLILPGLRARIHTYNQLHSNTLQGVGSHRLYILFPLDCGVLDDLSAADPNIRFLHELPRQSADRAGIKGRVYTNSVYELLEKGKPVGTCVLEYATPLQTLFAMSQDGRAGFSQEDRLEQAKLFCRTLEDILADAPESQKNCRLIVYQEPTEESDFSLSQEILKHLRQEEREEVTMGTAGTF--VAPGSSTLHQEPELLISGMDQPLPLRTDIF,6356,"[0, 74, 0, 0, 0, 0, 0, 0, 0, 29, 0, 101, 0, 0, 0, 29, 110, 58, 0, 0, 97, 0, 0, 0, 0, 0, 0, 142, 29, 0, 0, 0, 64, 0, 0, 97, 0, 0, 0, 0, 99, 0, 0, 5, 0, 53, 0, 0, 0, 0, 0, 113, 0, 0, 32, 24, 0, 125, 0, 0, 0, 0, 0, 0, 0, 112, 0, 0, 0, 0, 0, 205, 0, 29, 0, 74, 0, 0, 0, 0, 46, 0, 177, 0, 0, 64, 0, 0, 0, 0, 0, 0, 0, 0, 71, 0, 0, 0, 32, 0, 0, 0, 0, 0, 0, 0, 0, 29, 144, 0, 0, 0, 89, 64, 94, 0, 0, 22, 0, 0, 21, 22, 0, 99, 0, 0, 32, 0, 29, 0, 0, 0, 0, 0, 0, 0, 22, 0, 80, 0, 58, 0, 0, 0, 29, 0, 0, 29, 0, 0, 24, 125, 0, 0, 0, 0, 0, 0, 0, 0, 0, 0, 0, 0, 0, 0, 0, 0, 0, 43, 0, 0, 0, 0, 0, 0, 103, 0, 0, 0, 29, 58, 22, 0, 0, 22, 0, 46, 0, 0, 15, 43, 469, 323, 469, 0, 0, 0, 0, 0, 0, 0, 0, 0, 0, 0, 0, 0, 0, 98, 0, 0, 0, 0, 64, 0, 0, 0, 0, 0, 0, 0, 0, 83, 0, 0, 0, 43, 0, 0, 0, 0, 0, 0, 0, 0, 0, 0, 0, 0, 0, 78, 0, 0, 29, 0, 0, 5, 0, 0, 94, 0, 0, 0, 0, 60, 0, 0, 0, 0, 0, 0, 0, 0, 0, 0, 0, 0, 0, 0, 0, 0, 0, 0, 0, 56, 0, 0, 0, 0, 0, 43, 0, 0, 0, 0, 0, 0, 0, 0, 0, 0, 0, 0, 0, 0, 0, 0, 0, 0, 0, 0, 0, 0, 0, 0, 0, 94, 0, 0, 29, 0, 0, 0, 0, 113, 0, 0, 58, 0, 0, 0, 94, 0, 0, 0, 0, 0, 0, 0, 0, 26, 29, 0, 26, 0, 0, 0, 26, 0, 0, 0, 58, 15, 0, 0, 84, 0, 0, 155, 0, 0, 0, 64, 0, 0, 0, 0, 0, 0, 0, 29, 0, 0, 29, 0, 0, 0, 0, 0, 0, 0, 0, 0, 0, 0, 0, 0, 0, 0, 29, 0]"
6,Pteropus_vampyrus,MSHSSLHPSIPRPRGHRAE-MAAFVLLIVCLAALWVLGEPSEYMLRCLGFYLASLQLKLLFKRVCSLAEELCHIHSRYQGNYWRAIRACLGCPIHYGALLLLSCYFYTTLPNIVDSPLTWMLAQLGLSEALNILLGLQGLTPAEVSTICEQKNFNVAHGLAWSYYIGYLRLILPGLRARIHTYNQLHSNTLRGVGSHRLYILFPLDCGVLDDLSAADPNIRFLHELPRQSADRAGIKSRVYTNSIYELLEKGKPVGTCVLEYATPLQTLFAMSQDGRAGFSQEDRLEQAKLFCRTLEDILADAPEFQKSCRLIVYQEPTEESDFSLSQEILKHLRQEEKEEVTVGTVSSTLHQEPVSSTLYQEPELLISGMDQPLPLRTDIF,7977,"[0, 74, 0, 0, 0, 0, 0, 0, 0, 29, 0, 0, 0, 0, 0, 29, 101, 58, 56, 0, 95, 0, 0, 0, 0, 0, 0, 142, 29, 0, 0, 0, 64, 0, 0, 0, 0, 0, 0, 0, 99, 45, 83, 10, 0, 26, 215, 0, 109, 22, 83, 113, 0, 0, 32, 0, 0, 127, 0, 0, 0, 0, 0, 0, 0, 0, 0, 0, 0, 0, 0, 205, 0, 29, 0, 0, 0, 0, 0, 0, 46, 0, 0, 0, 0, 94, 0, 0, 0, 0, 0, 0, 0, 0, 47, 0, 0, 0, 0, 0, 0, 0, 0, 0, 0, 0, 0, 89, 92, 0, 0, 0, 0, 64, 94, 145, 0, 22, 0, 0, 21, 22, 0, 113, 0, 0, 32, 0, 29, 0, 0, 0, 0, 0, 0, 0, 22, 0, 98, 0, 58, 0, 0, 0, 0, 0, 0, 29, 0, 0, 24, 127, 0, 0, 0, 0, 0, 0, 0, 0, 0, 0, 0, 0, 0, 0, 0, 0, 0, 0, 0, 0, 0, 0, 0, 0, 103, 0, 0, 0, 29, 58, 22, 0, 0, 22, 0, 46, 0, 0, 15, 0, 469, 323, 469, 0, 0, 0, 0, 0, 0, 0, 0, 0, 0, 0, 0, 0, 0, 98, 0, 0, 0, 0, 64, 0, 0, 0, 0, 0, 0, 0, 0, 83, 0, 0, 0, 43, 0, 0, 0, 0, 0, 0, 0, 0, 0, 56, 0, 0, 0, 78, 0, 0, 0, 0, 0, 5, 0, 0, 94, 0, 0, 0, 0, 60, 0, 0, 0, 0, 0, 0, 0, 0, 0, 0, 0, 0, 0, 0, 0, 0, 0, 0, 0, 56, 0, 0, 0, 0, 0, 43, 0, 0, 0, 0, 0, 0, 0, 0, 0, 0, 0, 0, 0, 0, 0, 0, 0, 0, 0, 0, 0, 0, 0, 155, 0, 94, 46, 0, 29, 0, 0, 0, 0, 113, 0, 0, 58, 0, 0, 0, 94, 0, 0, 0, 0, 0, 0, 0, 0, 26, 29, 0, 26, 0, 0, 0, 0, 0, 0, 0, 58, 32, 0, 0, 21, 56, 58, 58, 373, 776, 96, 121, 0, 109, 0, 0, 0, 0, 83, 29, 0, 0, 29, 0, 0, 0, 0, 0, 0, 0, 0, 0, 0, 0, 0, 0, 0, 0, 29, 0]"
7,Pteropus_giganteus,MSHSSLHPSIPRPRGHRAE-MAASVLLIVCLAALWVLGEPSEYMLRCLGLYLASLQLKLLFKRVCYLAEELCHIHSRYQGNYWRAIRACLGCPIHYGALLLLSCYFYTSLPNTVDSPLTWMLAQLGLSEALSILLGLQALTPAEVSTICEQKNFNVAHGLAWSYYIGYLRLILPGLRARIHTYNQLHSNTLRGVGSHRLYILFPLDCGVLDDLSAADPNIRFLHELPRQSADRAGIKSRVYTNSIYELLEKGKPVGTCVLEYATPLQTLFAMSQDGRAGFSQEDRLEQAKLFCRTLEDILADAPEFQKSCRLIVYQEPTEESDFSLSQEILKHLRQEEKEEVTVGTVSSTLYQEPVSSTLHQEPELLISGMDQPLPLRTDIF,8168,"[0, 74, 0, 0, 0, 0, 0, 0, 0, 29, 0, 0, 0, 0, 0, 29, 101, 58, 56, 0, 95, 0, 0, 155, 0, 0, 0, 142, 29, 0, 0, 0, 64, 0, 0, 0, 0, 0, 0, 0, 99, 45, 83, 10, 0, 26, 215, 0, 109, 0, 83, 113, 0, 0, 32, 0, 0, 127, 0, 0, 0, 0, 0, 0, 0, 144, 0, 0, 0, 0, 0, 205, 0, 29, 0, 0, 0, 0, 0, 0, 46, 0, 0, 0, 0, 94, 0, 0, 0, 0, 0, 0, 0, 0, 47, 0, 0, 0, 0, 0, 0, 0, 0, 0, 0, 0, 0, 89, 144, 0, 0, 0, 89, 64, 94, 145, 0, 22, 0, 0, 21, 22, 0, 113, 0, 0, 32, 0, 29, 0, 0, 46, 0, 0, 0, 0, 22, 0, 107, 0, 58, 0, 0, 0, 0, 0, 0, 29, 0, 0, 24, 127, 0, 0, 0, 0, 0, 0, 0, 0, 0, 0, 0, 0, 0, 0, 0, 0, 0, 0, 0, 0, 0, 0, 0, 0, 103, 0, 0, 0, 29, 58, 22, 0, 0, 22, 0, 46, 0, 0, 15, 0, 469, 323, 469, 0, 0, 0, 0, 0, 0, 0, 0, 0, 0, 0, 0, 0, 0, 98, 0, 0, 0, 0, 64, 0, 0, 0, 0, 0, 0, 0, 0, 83, 0, 0, 0, 43, 0, 0, 0, 0, 0, 0, 0, 0, 0, 56, 0, 0, 0, 78, 0, 0, 0, 0, 0, 5, 0, 0, 94, 0, 0, 0, 0, 60, 0, 0, 0, 0, 0, 0, 0, 0, 0, 0, 0, 0, 0, 0, 0, 0, 0, 0, 0, 56, 0, 0, 0, 0, 0, 43, 0, 0, 0, 0, 0, 0, 0, 0, 0, 0, 0, 0, 0, 0, 0, 0, 0, 0, 0, 0, 0, 0, 0, 155, 0, 94, 46, 0, 29, 0, 0, 0, 0, 113, 0, 0, 58, 0, 0, 0, 94, 0, 0, 0, 0, 0, 0, 0, 0, 26, 29, 0, 26, 0, 0, 0, 0, 0, 0, 0, 58, 32, 0, 0, 21, 56, 58, 58, 373, 577, 96, 121, 0, 109, 0, 0, 0, 0, 0, 29, 0, 0, 29, 0, 0, 0, 0, 0, 0, 0, 0, 0, 0, 0, 0, 0, 0, 0, 29, 0]"
8,Pteropus_alecto,MSHSSLHPSIPRPRGHRAE-MAASVLLIVCLAALWVLGEPSEYMLWCLGLHLASLQLKLLFKRVCYLAEELCHIHSRYQGNYWRAVRACLGCPIHYGVLLLLSCYFYTTLPNTVDSPLTWMLAQLGLSEALSILLGLQALTPAEVSTICEQKNFNVAHGLAWSYYIGYLRLILPGLRARIHTYNQLHSNTLRGVGSHRLYILFPLDCGVLDDLSAADPNIRFLDELPRQSADRAGIKSRVYTNSIYELLEKGKPVGTCVLEYATPLQTLFAMSQDGRAGFSQEDRLEQAKLFCRTLEDILADAPEFQKSCRLIVYQEPTEESDFSLSQEILKHLRQEEKEEVTVGTVSSTLHQEPVSSTLHQEPELLISGMDQPLPLRTDIF,8427,"[0, 74, 0, 0, 0, 0, 0, 0, 0, 29, 0, 0, 0, 0, 0, 29, 101, 58, 56, 0, 95, 0, 0, 155, 0, 0, 0, 142, 29, 0, 0, 0, 64, 0, 0, 0, 0, 0, 0, 0, 99, 45, 83, 10, 0, 110, 215, 0, 109, 0, 0, 113, 0, 0, 32, 0, 0, 127, 0, 0, 0, 0, 0, 0, 0, 144, 0, 0, 0, 0, 0, 205, 0, 29, 0, 0, 0, 0, 0, 0, 46, 0, 0, 0, 0, 64, 0, 0, 0, 0, 0, 0, 0, 0, 47, 0, 0, 64, 0, 0, 0, 0, 0, 0, 0, 0, 0, 89, 92, 0, 0, 0, 89, 64, 94, 145, 0, 22, 0, 0, 21, 22, 0, 113, 0, 0, 32, 0, 29, 0, 0, 46, 0, 0, 0, 0, 22, 0, 107, 0, 58, 0, 0, 0, 0, 0, 0, 29, 0, 0, 24, 127, 0, 0, 0, 0, 0, 0, 0, 0, 0, 0, 0, 0, 0, 0, 0, 0, 0, 0, 0, 0, 0, 0, 0, 0, 103, 0, 0, 0, 29, 58, 22, 0, 0, 22, 0, 46, 0, 0, 15, 0, 469, 323, 469, 0, 0, 0, 0, 0, 0, 0, 0, 0, 0, 0, 0, 0, 0, 98, 0, 0, 0, 0, 64, 0, 0, 0, 0, 0, 0, 0, 0, 160, 0, 0, 0, 43, 0, 0, 0, 0, 0, 0, 0, 0, 0, 56, 0, 0, 0, 78, 0, 0, 0, 0, 0, 5, 0, 0, 94, 0, 0, 0, 0, 60, 0, 0, 0, 0, 0, 0, 0, 0, 0, 0, 0, 0, 0, 0, 0, 0, 0, 0, 0, 56, 0, 0, 0, 0, 0, 43, 0, 0, 0, 0, 0, 0, 0, 0, 0, 0, 0, 0, 0, 0, 0, 0, 0, 0, 0, 0, 0, 0, 0, 155, 0, 94, 46, 0, 29, 0, 0, 0, 0, 113, 0, 0, 58, 0, 0, 0, 94, 0, 0, 0, 0, 0, 0, 0, 0, 26, 29, 0, 26, 0, 0, 0, 0, 0, 0, 0, 58, 32, 0, 0, 21, 56, 58, 58, 373, 776, 96, 121, 0, 109, 0, 0, 0, 0, 0, 29, 0, 0, 29, 0, 0, 0, 0, 0, 0, 0, 0, 0, 0, 0, 0, 0, 0, 0, 29, 0]"
9,Homo_sapiens,MPHSSLHPSIPCPRGHGAQ-KAALVLLSACLVTLWGLGEPPEHTLRYLVLHLASLQLGLLLNGVCSLAEELRHIHSRYRGSYWRTVRACLGCPLRRGALLLLSIYFYYSLPNAVGPPFTWMLALLGLSQALNILLGLKGLAPAEISAVCEKGNFNVAHGLAWSYYIGYLRLILPELQARIRTYNQHYNNLLRGAVSQRLYILLPLDCGVPDNLSMADPNIRFLDKLPQQTGDHAGIKDRVYSNSIYELLENGQRAGTCVLEYATPLQTLFAMSQYSQAGFSREDRLEQAKLFCRTLEDILADAPESQNNCRLIAYQEPADDSSFSLSQEVLRHLRQEEKEEVTVGSLKTS--AVPSTSTMSQEPELLISGMEKPLPLRTDFS,7162,"[0, 0, 0, 0, 0, 0, 0, 0, 0, 29, 0, 180, 0, 0, 0, 29, 184, 58, 53, 0, 0, 0, 0, 22, 0, 0, 0, 0, 94, 0, 0, 64, 69, 0, 0, 109, 0, 0, 0, 0, 27, 45, 0, 89, 0, 26, 37, 0, 0, 0, 0, 113, 0, 0, 32, 0, 0, 0, 0, 0, 22, 94, 125, 0, 0, 0, 0, 0, 0, 0, 0, 97, 0, 29, 0, 0, 0, 0, 43, 0, 0, 0, 0, 0, 58, 64, 0, 0, 0, 0, 0, 0, 0, 5, 71, 77, 0, 0, 0, 0, 0, 0, 0, 198, 0, 0, 0, 33, 144, 0, 0, 0, 94, 64, 0, 98, 0, 0, 0, 0, 21, 22, 0, 0, 0, 0, 32, 0, 0, 0, 0, 0, 0, 0, 0, 0, 22, 53, 98, 0, 0, 0, 0, 0, 29, 0, 58, 0, 0, 0, 32, 0, 0, 0, 0, 0, 0, 0, 0, 0, 0, 0, 0, 0, 0, 0, 0, 0, 0, 0, 0, 0, 0, 0, 98, 0, 76, 0, 0, 0, 0, 58, 22, 0, 0, 100, 83, 0, 0, 92, 15, 0, 469, 358, 323, 0, 24, 0, 0, 0, 0, 0, 22, 0, 0, 0, 0, 0, 0, 0, 0, 23, 0, 0, 21, 0, 0, 0, 0, 0, 0, 0, 0, 160, 56, 0, 0, 0, 0, 58, 60, 0, 29, 0, 0, 0, 0, 94, 0, 0, 0, 121, 0, 0, 0, 0, 0, 5, 0, 0, 0, 0, 53, 103, 64, 60, 0, 0, 0, 0, 0, 0, 0, 0, 0, 0, 0, 0, 0, 0, 0, 0, 0, 0, 160, 0, 43, 0, 0, 0, 0, 0, 0, 0, 0, 0, 0, 0, 0, 0, 0, 0, 0, 0, 0, 0, 0, 0, 0, 0, 0, 0, 0, 0, 0, 0, 0, 0, 0, 0, 29, 0, 0, 64, 0, 113, 0, 0, 0, 45, 45, 0, 56, 0, 0, 0, 0, 0, 0, 29, 0, 0, 29, 0, 26, 0, 0, 0, 0, 0, 0, 0, 58, 32, 0, 58, 15, 127, 0, 0, 0, 0, 64, 0, 0, 56, 58, 0, 0, 15, 89, 29, 0, 0, 29, 0, 0, 0, 0, 0, 0, 45, 53, 0, 0, 0, 0, 0, 0, 0, 50, 155]"
10,Molossus_molossus,MPHSSLHPSIPRPRSHGAK-KAAFVLLSACLVAFWGLSEPPDRILQWLVLHQASLQLGLLFKRVCNLVEELCHVHSRYQGSYWRAVQACLGCPIRFVTLLLLSCFYYIFFPNISGLPFTWLLPLLGLSEALSILLNFQVPAPAEVSTVCEQNNFNVAHGLAWSFYIGYLKLILPGLRARIRSFNQLHDNMLRSAGSHRLYILFPLDCGVSDNLNVVDPNIRFLNELPRQITDRAGIKGRVYTNSIYELLENGRPVAACVLEYATPLQTLFAMSHDSRAGFSRENRLEQAKLFCQTLENILADDPECQNNCRLIVYQDPAEKSNFSLSQEILRHLRQEEKEEVTVGNVGTS--VVPGPSTLPKEPELLISDMDPPLPLRTDIF,6329,"[0, 0, 0, 0, 0, 0, 0, 0, 0, 29, 0, 0, 0, 0, 56, 29, 184, 58, 0, 0, 0, 0, 0, 0, 0, 0, 0, 0, 94, 0, 0, 64, 64, 22, 0, 109, 0, 56, 0, 0, 27, 0, 29, 0, 0, 53, 0, 0, 0, 0, 0, 0, 0, 0, 32, 0, 0, 0, 0, 0, 0, 0, 0, 0, 0, 46, 0, 64, 0, 0, 0, 205, 0, 0, 0, 0, 0, 0, 0, 0, 0, 0, 0, 0, 0, 64, 43, 0, 0, 0, 0, 0, 0, 0, 71, 22, 109, 58, 0, 0, 0, 0, 0, 0, 22, 22, 0, 0, 22, 22, 0, 0, 0, 99, 0, 0, 0, 0, 0, 0, 32, 22, 27, 0, 0, 0, 32, 0, 29, 0, 0, 46, 0, 0, 0, 80, 0, 0, 121, 98, 0, 0, 0, 0, 0, 0, 0, 0, 0, 0, 24, 80, 0, 0, 0, 0, 0, 0, 0, 0, 0, 0, 0, 22, 0, 0, 0, 0, 0, 26, 0, 0, 0, 0, 0, 0, 103, 0, 0, 0, 0, 99, 0, 0, 0, 22, 0, 23, 0, 81, 15, 0, 645, 358, 469, 0, 0, 0, 0, 0, 0, 0, 0, 0, 0, 0, 0, 0, 0, 74, 0, 23, 0, 46, 0, 64, 0, 0, 0, 0, 0, 0, 0, 143, 0, 0, 0, 43, 0, 142, 58, 0, 0, 0, 0, 0, 0, 0, 0, 0, 0, 78, 0, 0, 0, 0, 0, 5, 0, 0, 0, 0, 26, 0, 0, 0, 58, 0, 0, 0, 0, 0, 0, 0, 0, 0, 0, 0, 0, 0, 0, 0, 0, 24, 0, 0, 0, 0, 0, 0, 0, 0, 0, 23, 0, 0, 0, 0, 0, 0, 0, 0, 0, 43, 0, 0, 0, 23, 0, 0, 0, 0, 126, 0, 0, 112, 0, 0, 0, 0, 29, 0, 0, 0, 0, 113, 45, 0, 0, 0, 56, 0, 80, 0, 0, 0, 0, 0, 0, 0, 0, 0, 29, 0, 26, 0, 0, 0, 0, 0, 0, 0, 58, 32, 0, 65, 21, 0, 0, 0, 0, 0, 0, 0, 0, 0, 74, 0, 0, 0, 77, 56, 0, 0, 29, 0, 0, 0, 0, 94, 0, 0, 76, 0, 0, 0, 0, 0, 0, 0, 29, 0]"
11,Pteronotus_parnellii,MLHSSLHPSIPQPRGRRAK-KAAFVLLSVCLVVLWDLGERPEHILQWLMLHLASLQLGLLFKGVCSLVEELRHVHSRYQGSYWKAVRACLGCPIRCGTLLLLSCYFYTPFPNTTHLPFTWTLALLGLSQALSILLDLQDLAPAEVSAVCERRNLNVAQGMAWSFYIGYLRLILPGLPARIHSYNQHHNNLLRGAGSHRLYILFPLDCGVPDDLSMVDPNIRFLHELPLQKADRAGIKSRVYTNSVYELLENGRPVGACVLEYATPLQTLFAMSQDSRAGFSREDRLEQAKLFCKTLEDILADAPECQNNCRLVVYQEPAEGGNFSLSQEILRHLKQEEKEEVTVDSARTS--VMPDPSMLPQGPELLISSMDQPLPLRTDVF,6707,"[0, 98, 0, 0, 0, 0, 0, 0, 0, 29, 0, 43, 0, 0, 0, 0, 101, 58, 0, 0, 0, 0, 0, 0, 0, 0, 0, 0, 29, 0, 0, 64, 0, 0, 0, 152, 0, 0, 0, 103, 27, 45, 0, 0, 0, 53, 0, 0, 21, 0, 0, 113, 0, 0, 32, 0, 0, 0, 0, 0, 0, 0, 125, 0, 0, 0, 0, 64, 0, 0, 0, 97, 0, 0, 0, 0, 0, 0, 0, 0, 0, 0, 0, 26, 0, 64, 0, 0, 0, 0, 0, 0, 0, 0, 71, 194, 0, 58, 0, 0, 0, 0, 0, 0, 0, 0, 0, 89, 110, 22, 0, 0, 89, 58, 98, 0, 0, 0, 0, 0, 69, 22, 0, 0, 0, 0, 32, 0, 0, 0, 0, 46, 0, 0, 0, 94, 22, 0, 45, 0, 0, 0, 0, 0, 0, 0, 58, 0, 0, 0, 29, 125, 0, 22, 0, 0, 0, 24, 0, 15, 0, 0, 0, 22, 0, 0, 0, 0, 0, 0, 0, 0, 0, 0, 0, 0, 0, 0, 0, 0, 29, 99, 22, 0, 0, 100, 0, 0, 0, 92, 15, 0, 469, 358, 469, 0, 0, 0, 0, 0, 0, 0, 0, 0, 0, 0, 0, 0, 0, 0, 0, 0, 0, 0, 21, 64, 0, 0, 0, 0, 0, 0, 0, 83, 0, 0, 0, 113, 0, 121, 0, 0, 0, 0, 0, 0, 0, 56, 0, 0, 0, 78, 0, 0, 29, 0, 0, 5, 0, 0, 0, 0, 26, 0, 0, 60, 58, 0, 0, 0, 0, 0, 0, 0, 0, 0, 0, 0, 0, 0, 0, 0, 0, 0, 0, 0, 0, 0, 0, 0, 0, 0, 0, 0, 0, 0, 0, 0, 0, 0, 0, 0, 0, 26, 0, 0, 0, 0, 0, 0, 0, 0, 0, 0, 0, 112, 0, 0, 0, 0, 29, 0, 29, 0, 0, 113, 0, 0, 0, 0, 98, 56, 80, 0, 0, 0, 0, 0, 0, 0, 0, 0, 29, 0, 0, 0, 0, 0, 0, 0, 0, 0, 58, 32, 94, 58, 84, 125, 0, 0, 0, 0, 0, 21, 0, 94, 74, 0, 81, 0, 77, 29, 98, 0, 29, 0, 0, 0, 0, 56, 0, 0, 0, 0, 0, 0, 0, 0, 0, 0, 0, 0]"
12,Phyllostomus_discolor,MAYSSLHPSIPQPRGPRAK-KAALVLLSVCLVALWHLGEQPKHILQWLTLHLASVQLGLLLKRVCHLAEELRHIHSRYQGSYWKAVRACMGCPIRCGTLLLLSCYFIASLPSPADPPFTWMLVLLSLSEAVNILLDLQCLAPAEVSAVCEQRKLNVAHGLAWSFYIGYLKLILPELPARIRSYNQHHNNTLQGTASHRLYILIPLDCGVPDSLSVVDSNIRFLHELPPQKADRAGIKSRVYTNSIYELLENGRPVGTCVLEYATPLQTLFAMSQDSRAAFSREDRLEQAKLFCQTLEDILEDAPEYRKNCRFIIYQESAEGSSFSLSQEILRHLKQEEKEEVIVDSARTS--AMPDSSTLYQEPELLISSTDQPLPLRTDVY,7672,"[0, 27, 83, 0, 0, 0, 0, 0, 0, 29, 0, 43, 0, 0, 0, 103, 101, 58, 0, 0, 0, 0, 0, 22, 0, 0, 0, 0, 29, 0, 0, 64, 64, 0, 0, 84, 0, 0, 0, 76, 27, 101, 0, 0, 0, 53, 0, 0, 69, 0, 0, 113, 0, 0, 0, 0, 0, 0, 0, 0, 22, 0, 0, 0, 0, 89, 0, 0, 0, 0, 0, 97, 0, 29, 0, 0, 0, 0, 0, 0, 0, 0, 0, 26, 0, 64, 0, 0, 0, 15, 0, 0, 0, 0, 71, 194, 0, 58, 0, 0, 0, 0, 0, 0, 0, 0, 33, 94, 144, 0, 0, 46, 95, 0, 94, 98, 0, 0, 0, 0, 21, 22, 64, 0, 0, 56, 32, 0, 29, 0, 32, 0, 0, 0, 0, 94, 22, 0, 170, 0, 0, 0, 0, 0, 0, 0, 58, 0, 0, 0, 24, 125, 94, 22, 0, 0, 0, 0, 0, 0, 0, 0, 0, 22, 0, 0, 0, 0, 0, 26, 0, 0, 0, 0, 98, 0, 0, 0, 0, 0, 0, 99, 22, 0, 0, 100, 0, 0, 0, 0, 15, 43, 469, 504, 358, 0, 0, 0, 0, 0, 0, 0, 21, 0, 0, 0, 0, 0, 0, 0, 0, 65, 0, 0, 0, 64, 0, 74, 0, 0, 0, 0, 0, 83, 0, 0, 0, 76, 0, 121, 0, 0, 0, 0, 0, 0, 0, 56, 0, 0, 0, 78, 0, 0, 0, 0, 0, 5, 0, 0, 0, 0, 26, 0, 0, 60, 0, 0, 0, 0, 0, 0, 0, 0, 0, 0, 0, 0, 0, 0, 0, 0, 0, 0, 0, 0, 0, 0, 60, 0, 0, 0, 0, 0, 0, 0, 0, 0, 0, 0, 0, 0, 0, 43, 0, 0, 0, 0, 0, 0, 107, 0, 0, 0, 0, 144, 43, 94, 0, 0, 29, 22, 0, 29, 0, 113, 0, 74, 0, 0, 98, 0, 56, 0, 0, 0, 0, 0, 0, 0, 0, 0, 29, 0, 0, 0, 0, 0, 0, 0, 0, 0, 94, 32, 94, 58, 84, 125, 0, 0, 0, 0, 64, 21, 0, 94, 0, 0, 0, 0, 83, 29, 0, 0, 29, 0, 0, 0, 0, 56, 81, 0, 0, 0, 0, 0, 0, 0, 0, 0, 0, 22]"
13,Phyllostomus_hastatus,MAYSSLHPSIPQPRGPRAK-KAALVLLSICLVALWHLGEQPKHILWWLTLHLASVQLGLLLKRVCHLTEELRHIHSRYQSSYWKAVRACMGCPIRCGTLLLLSCYFIAFLPSPADLPFTWMLMLLSLSEALNILLDLQCLAPAEVSAVCEQRKLNVAHGLAWSFYIGYLKLILPELPARIRSYNQHHNNTLQGTASHRLYILIPLDCGVPNDLSVVDPNIRFLHELPLQKADRAGIKSRVYTNSIYELLENGRLVGTCVLEYATPLQTLFAMSQDSRAAFSREDRLEQAKLFCRTLEDILEDAPEYRKNCRLIVYQESAEGSSFSLSQEILRHLKQEEKEEVIVDSARTS--VMPDSSTLYQEPELLISSTDQPLPLRTDVY,7443,"[0, 27, 83, 0, 0, 0, 0, 0, 0, 29, 0, 43, 0, 0, 0, 103, 101, 58, 0, 0, 0, 0, 0, 22, 0, 0, 0, 0, 0, 0, 0, 64, 64, 0, 0, 84, 0, 0, 0, 76, 27, 101, 0, 0, 0, 110, 0, 0, 69, 0, 0, 113, 0, 0, 0, 0, 0, 0, 0, 0, 22, 0, 0, 0, 0, 89, 0, 58, 0, 0, 0, 97, 0, 29, 0, 0, 0, 0, 0, 56, 0, 0, 0, 26, 0, 64, 0, 0, 0, 15, 0, 0, 0, 0, 71, 194, 0, 58, 0, 0, 0, 0, 0, 0, 0, 0, 33, 94, 22, 0, 0, 46, 95, 0, 94, 0, 0, 0, 0, 0, 21, 22, 84, 0, 0, 56, 32, 0, 29, 0, 0, 0, 0, 0, 0, 94, 22, 0, 170, 0, 0, 0, 0, 0, 0, 0, 58, 0, 0, 0, 24, 125, 94, 22, 0, 0, 0, 0, 0, 0, 0, 0, 0, 22, 0, 0, 0, 0, 0, 26, 0, 0, 0, 0, 98, 0, 0, 0, 0, 0, 0, 99, 22, 0, 0, 100, 0, 0, 0, 0, 15, 43, 469, 504, 358, 0, 0, 0, 0, 0, 0, 0, 21, 0, 0, 0, 0, 0, 0, 0, 23, 0, 0, 0, 0, 64, 0, 0, 0, 0, 0, 0, 0, 83, 0, 0, 0, 113, 0, 121, 0, 0, 0, 0, 0, 0, 0, 56, 0, 0, 0, 78, 0, 0, 0, 0, 0, 5, 0, 0, 0, 0, 26, 98, 0, 60, 0, 0, 0, 0, 0, 0, 0, 0, 0, 0, 0, 0, 0, 0, 0, 0, 0, 0, 0, 0, 0, 0, 60, 0, 0, 0, 0, 0, 0, 0, 0, 0, 0, 0, 0, 0, 0, 0, 0, 0, 0, 0, 0, 0, 107, 0, 0, 0, 0, 144, 43, 94, 0, 0, 29, 0, 0, 0, 0, 113, 0, 74, 0, 0, 98, 0, 56, 0, 0, 0, 0, 0, 0, 0, 0, 0, 29, 0, 0, 0, 0, 0, 0, 0, 0, 0, 94, 32, 94, 58, 84, 125, 0, 0, 0, 0, 0, 21, 0, 94, 0, 0, 0, 0, 83, 29, 0, 0, 29, 0, 0, 0, 0, 56, 81, 0, 0, 0, 0, 0, 0, 0, 0, 0, 0, 22]"
14,Desmodus_rotundus,MAYSSLHPSIPRPRGHRAK-KAAFVLLSVGLAALWHLGEPPEHILQWLTLHLASLQLGLLLKGVCHLAEELCHVHSRYQDSYWKAVRACLGCPIRCGALLLLSCYFNASLPNPAGLPFTWMLALLSLSEALSNLLDLQSLAPAEVSAVCEQRNFNVAHGLAWSFYIGYLRLILPELPARIRTYNQRHNNMLQGTASHRLYILFPLDCGVPDDLSVVDPNIRFLHELPLQKADRAGIKSRVYTNSIYELLENGRQVGTCVLEYATPLQTLFAMSQDSRAGFSREDRLEQAKLFCRTLEDILADAPECQKNCRLIVYQESTEGSSFSLSQEILRHLKQEEKEEITMDSARTS--VMPDSSTLHQEPQLLISSMDQPLPLRTDVF,6901,"[0, 27, 83, 0, 0, 0, 0, 0, 0, 29, 0, 0, 0, 0, 0, 29, 101, 58, 0, 0, 0, 0, 0, 0, 0, 0, 0, 0, 29, 159, 0, 0, 64, 0, 0, 84, 0, 0, 0, 0, 27, 45, 0, 0, 0, 53, 0, 0, 69, 0, 0, 113, 0, 0, 32, 0, 0, 0, 0, 0, 22, 0, 125, 0, 0, 89, 0, 0, 0, 0, 0, 205, 0, 0, 0, 0, 0, 0, 0, 94, 0, 0, 0, 26, 0, 64, 0, 0, 0, 0, 0, 0, 0, 0, 71, 194, 0, 0, 0, 0, 0, 0, 0, 0, 0, 0, 143, 94, 144, 0, 0, 0, 95, 0, 0, 0, 0, 0, 0, 0, 21, 22, 0, 0, 0, 56, 32, 0, 29, 0, 0, 46, 149, 0, 0, 94, 22, 0, 80, 0, 0, 0, 0, 0, 0, 0, 58, 0, 0, 0, 24, 125, 0, 0, 0, 0, 0, 0, 0, 0, 0, 0, 0, 22, 0, 0, 0, 0, 0, 0, 0, 0, 0, 0, 98, 0, 0, 0, 0, 0, 0, 58, 22, 0, 0, 97, 0, 0, 0, 81, 15, 43, 469, 504, 358, 0, 0, 0, 0, 0, 0, 0, 0, 0, 0, 0, 0, 0, 0, 0, 0, 0, 0, 0, 0, 64, 0, 0, 0, 0, 0, 0, 0, 83, 0, 0, 0, 113, 0, 121, 0, 0, 0, 0, 0, 0, 0, 56, 0, 0, 0, 78, 0, 0, 0, 0, 0, 5, 0, 0, 0, 0, 26, 76, 0, 60, 0, 0, 0, 0, 0, 0, 0, 0, 0, 0, 0, 0, 0, 0, 0, 0, 0, 0, 0, 0, 0, 0, 0, 0, 0, 0, 0, 0, 0, 0, 0, 0, 0, 0, 0, 0, 0, 0, 0, 0, 0, 0, 0, 0, 0, 0, 0, 0, 0, 112, 0, 94, 0, 0, 29, 0, 0, 0, 0, 113, 0, 74, 58, 0, 98, 0, 56, 0, 0, 0, 0, 0, 0, 0, 0, 0, 29, 0, 0, 0, 0, 0, 0, 0, 0, 29, 58, 15, 94, 58, 84, 125, 0, 0, 0, 0, 0, 21, 0, 94, 0, 0, 0, 0, 0, 29, 0, 0, 0, 0, 0, 0, 0, 56, 0, 0, 0, 0, 0, 0, 0, 0, 0, 0, 0, 0]"
15,Sturnira_hondurensis,MAYSSLHPSIPRRRGQRDK-KAAFVLLSVCLAALWLLDGQPGHILQQLTLHLASLQLGLLLQRVCHLAEELGHTHSRYQGSYWKAVRACLGCPIRCGAVLLLSCYFNASLPNPAGLPFTWMLALLGLSVAVSRLLDLQCLAPAEVSAVCEQKKLNVAHGLAWSFYIGYLRLILPELPARIRSYNQRHNNLLQGTASHRLYILFPLDCGVPDDLSMVDPNIRFLHELPQQKADRAGIKSRVYSNSIYELLENGRRVGTCVLEYATPLQTLFAMSQHTQAGFSREDRLEQAKLFCRTLDDILADAPECQKNCRLIVYQESTEESSFSLSQEILRHLKQEEKEEVTVDSARAS--AMPDPSTLHQEPELLISSMDQPLPLRTDVY,7757,"[0, 27, 83, 0, 0, 0, 0, 0, 0, 29, 0, 0, 103, 0, 0, 43, 101, 85, 0, 0, 0, 0, 0, 0, 0, 0, 0, 0, 29, 0, 0, 0, 64, 0, 0, 32, 0, 94, 98, 76, 27, 94, 0, 0, 0, 53, 130, 0, 69, 0, 0, 113, 0, 0, 32, 0, 0, 0, 0, 0, 22, 53, 0, 0, 0, 89, 0, 0, 0, 0, 0, 153, 0, 69, 0, 0, 0, 0, 0, 0, 0, 0, 0, 26, 0, 64, 0, 0, 0, 0, 0, 0, 0, 0, 71, 194, 0, 0, 32, 0, 0, 0, 0, 0, 0, 0, 143, 94, 144, 0, 0, 0, 95, 0, 0, 0, 0, 0, 0, 0, 21, 22, 0, 0, 0, 0, 32, 0, 96, 0, 32, 46, 97, 0, 0, 94, 22, 0, 170, 0, 0, 0, 0, 0, 0, 0, 58, 0, 0, 0, 24, 127, 94, 22, 0, 0, 0, 0, 0, 0, 0, 0, 0, 22, 0, 0, 0, 0, 0, 0, 0, 0, 0, 0, 98, 0, 0, 0, 0, 0, 0, 99, 22, 0, 0, 97, 0, 0, 0, 92, 15, 43, 469, 504, 358, 0, 0, 0, 0, 0, 0, 0, 0, 0, 0, 0, 0, 0, 0, 0, 0, 0, 0, 0, 21, 64, 0, 0, 0, 0, 0, 0, 0, 83, 0, 0, 0, 0, 0, 121, 0, 0, 0, 0, 0, 0, 0, 56, 0, 0, 0, 121, 0, 0, 0, 0, 0, 5, 0, 0, 0, 0, 26, 103, 0, 60, 0, 0, 0, 0, 0, 0, 0, 0, 0, 0, 0, 0, 0, 0, 0, 0, 0, 0, 81, 58, 43, 0, 0, 0, 0, 0, 0, 0, 0, 0, 0, 0, 0, 0, 0, 0, 0, 0, 0, 0, 45, 0, 0, 0, 0, 0, 0, 0, 0, 112, 0, 94, 0, 0, 29, 0, 0, 0, 0, 113, 0, 74, 58, 0, 0, 0, 56, 0, 0, 0, 0, 0, 0, 0, 0, 0, 29, 0, 0, 0, 0, 0, 0, 0, 0, 0, 58, 32, 94, 58, 84, 125, 58, 0, 0, 0, 64, 21, 0, 94, 74, 0, 0, 0, 0, 29, 0, 0, 29, 0, 0, 0, 0, 56, 0, 0, 0, 0, 0, 0, 0, 0, 0, 0, 0, 22]"
16,Artibeus_jamaicensis,MASSSLHPSIPRHRGKRDK-KAAFVLLSVCLAALCYLGGEPGHILQQLTLHLASLQLGLLLERVCRLAEELCHIHSRYQGSYWKAVRACLGCPIRCGAVLLLSCYFNASLPNPAGLSFTWMLALLGLSVAVSRIVDLQCLAPAEISAVCEQRKLNVAHGLAWSFYIGYLRLILPELPARIRSYNQRHNNMLQGRASHRLYILFPLDCGVPDNLSVVDPNIRFLHELPQQKADRAGIKSRVYSNSIYELLENGRRVGACVLEYATPLQTLFAMSQHTQAGFSREDRLEQAKLFCRTLEDILADAPECQKNYRLIVYQESTEESNFSLSQEILRHLRQEEKEEVAVDSARTS--VMPDSSTLHQEPELLISSMDQPLPLRTDVY,8465,"[0, 27, 89, 0, 0, 0, 0, 0, 0, 29, 0, 0, 77, 0, 0, 26, 101, 85, 0, 0, 0, 0, 0, 0, 0, 0, 0, 0, 29, 0, 0, 0, 64, 0, 215, 55, 0, 0, 98, 93, 27, 94, 0, 0, 0, 53, 130, 0, 69, 0, 0, 113, 0, 0, 32, 0, 0, 0, 0, 0, 22, 56, 0, 0, 0, 110, 0, 0, 0, 0, 0, 205, 0, 29, 0, 0, 0, 0, 0, 0, 0, 0, 0, 26, 0, 64, 0, 0, 0, 0, 0, 0, 0, 0, 71, 194, 0, 0, 32, 0, 0, 0, 0, 0, 0, 0, 143, 94, 144, 0, 0, 0, 95, 0, 0, 0, 74, 0, 0, 0, 21, 22, 0, 0, 0, 0, 32, 0, 96, 0, 32, 46, 97, 5, 32, 94, 22, 0, 170, 0, 0, 0, 0, 0, 29, 0, 58, 0, 0, 0, 24, 125, 94, 22, 0, 0, 0, 0, 0, 0, 0, 0, 0, 22, 0, 0, 0, 0, 0, 0, 0, 0, 0, 0, 98, 0, 0, 0, 0, 0, 0, 99, 22, 0, 0, 97, 0, 0, 0, 81, 15, 43, 469, 920, 358, 0, 0, 0, 0, 0, 0, 0, 0, 0, 0, 0, 0, 0, 0, 0, 0, 23, 0, 0, 0, 64, 0, 0, 0, 0, 0, 0, 0, 83, 0, 0, 0, 0, 0, 121, 0, 0, 0, 0, 0, 0, 0, 56, 0, 0, 0, 121, 0, 0, 0, 0, 0, 5, 0, 0, 0, 0, 26, 103, 0, 60, 58, 0, 0, 0, 0, 0, 0, 0, 0, 0, 0, 0, 0, 0, 0, 0, 0, 0, 81, 58, 43, 0, 0, 0, 0, 0, 0, 0, 0, 0, 0, 0, 0, 0, 0, 0, 0, 0, 0, 0, 0, 0, 0, 0, 0, 0, 0, 0, 0, 112, 0, 94, 0, 194, 29, 0, 0, 0, 0, 113, 0, 74, 58, 0, 0, 0, 80, 0, 0, 0, 0, 0, 0, 0, 0, 0, 29, 0, 26, 0, 0, 0, 0, 0, 0, 0, 0, 32, 94, 58, 84, 125, 0, 0, 0, 0, 0, 21, 0, 94, 0, 0, 0, 0, 0, 29, 0, 0, 29, 0, 0, 0, 0, 56, 0, 0, 0, 0, 0, 0, 0, 0, 0, 0, 0, 22]"
17,Miniopterus_natalensis,MPHSSLHPSIPQPRSHRAK-KAAFVLLSACLAALWGLGERPDHIVQWLVLHLASLQLGLLIKGICSLAEELNHIHSRYQGSHWRAVRACLGCPVRCGTLLLLSFYFYTP--NKNDLPFPWMLSFLGLSEALSILLDLKGLAPAEVSTVCEQRNFNVAHGLAWSYYIGYLRLILPGLPARIRSYNQLHNNMLRGAGSHRLYILFPLDCGVPDNLNTVDPNIRFLHELPQQSIDRAGIKGRVYTNSVYELLENGRPAGTCVLEYATPLQTLFAMSQDSRAAFSREDRLEQAKLFCRTLEDILADAPECQNNCRIIAYEEPTEGRSFSLSQEILRHLQQEEREEVTVGSVGTS--VAPDSSTEFQEPELLISEMDQPLPLRTDAF,7778,"[0, 0, 0, 0, 0, 0, 0, 0, 0, 29, 0, 43, 0, 0, 56, 29, 101, 58, 0, 0, 0, 0, 0, 0, 0, 0, 0, 0, 94, 0, 0, 0, 64, 0, 0, 109, 0, 0, 0, 103, 27, 0, 0, 0, 32, 53, 0, 0, 0, 0, 0, 113, 0, 0, 32, 0, 0, 0, 0, 0, 21, 0, 125, 29, 0, 0, 0, 0, 0, 0, 0, 158, 0, 29, 0, 0, 0, 0, 0, 0, 0, 83, 0, 0, 0, 64, 0, 0, 0, 0, 0, 0, 0, 29, 71, 194, 0, 58, 0, 0, 0, 0, 0, 205, 0, 0, 0, 89, 110, 373, 366, 0, 102, 111, 94, 0, 0, 0, 38, 0, 21, 22, 99, 22, 0, 0, 32, 0, 29, 0, 0, 46, 0, 0, 0, 94, 22, 53, 98, 0, 0, 0, 0, 0, 0, 0, 0, 0, 0, 0, 24, 125, 0, 0, 0, 0, 0, 0, 0, 0, 0, 0, 0, 0, 0, 0, 0, 0, 0, 0, 0, 0, 0, 0, 0, 0, 0, 0, 0, 0, 0, 99, 22, 0, 0, 22, 0, 0, 0, 81, 15, 0, 469, 358, 469, 0, 0, 0, 0, 0, 0, 0, 0, 0, 0, 0, 0, 0, 0, 0, 0, 23, 0, 46, 69, 64, 0, 0, 0, 0, 0, 0, 0, 83, 0, 0, 0, 0, 0, 0, 94, 0, 0, 0, 0, 0, 0, 0, 0, 0, 0, 78, 0, 0, 29, 0, 0, 5, 0, 0, 0, 0, 26, 0, 64, 60, 0, 0, 0, 0, 0, 0, 0, 0, 0, 0, 0, 0, 0, 0, 0, 0, 0, 0, 0, 0, 0, 0, 60, 0, 0, 0, 0, 0, 0, 0, 0, 0, 0, 0, 0, 0, 0, 0, 0, 0, 0, 0, 0, 0, 0, 0, 0, 0, 0, 112, 0, 0, 0, 0, 29, 5, 0, 64, 0, 138, 0, 0, 58, 0, 98, 110, 56, 0, 0, 0, 0, 0, 0, 0, 0, 0, 29, 0, 53, 0, 0, 0, 26, 0, 0, 0, 58, 32, 0, 58, 21, 0, 0, 0, 0, 0, 0, 64, 0, 94, 0, 0, 0, 138, 100, 29, 0, 0, 29, 0, 0, 0, 0, 98, 0, 0, 0, 0, 0, 0, 0, 0, 0, 0, 64, 0]"
18,Myotis_lucifugus,MPHSSLHPSIPRPRSHKAK-IAAAVLLIACLAAFWVLGESPKHILQCLLLHLASLQLGLLFKRVCSLVEELCHVHSRYQGSYRRAVRACLGSPIRCGVLVLLSCYFYDPLSNEAGLPFIWMLPFLGLSEALSIILDLQGLAPAEISTVCEQRNFNVAHGLAWSFYIGYLRLVLPGLPARIQSYNQSHNNILRGAASHRLYILFPLDCGVPDDLSVVDPNIRLLDELPPQLIDRAGIKARVYKNSIYELLENGKLVGTCVLEYATPLKTLFAMSQDSRAGFSRQDRLEQAKLFCRTLEDILADAPECQNNCRFIVYQEPEEESSFSLSQEILRHLQQEEREEVTVGSVGTS--VVPDSSTLNQEPQLLISEMDRPLPLRTDIF,7146,"[0, 0, 0, 0, 0, 0, 0, 0, 0, 29, 0, 0, 0, 0, 56, 29, 110, 58, 0, 0, 102, 0, 0, 113, 0, 0, 0, 142, 94, 0, 0, 0, 64, 22, 0, 0, 0, 0, 0, 74, 27, 101, 0, 0, 0, 53, 215, 0, 32, 0, 0, 113, 0, 0, 32, 0, 0, 0, 0, 0, 0, 0, 0, 0, 0, 0, 0, 64, 0, 0, 0, 205, 0, 0, 0, 0, 0, 0, 0, 0, 0, 0, 101, 0, 0, 64, 0, 0, 0, 0, 0, 112, 0, 0, 71, 194, 0, 64, 0, 32, 0, 0, 0, 0, 0, 0, 0, 168, 110, 0, 74, 0, 134, 0, 0, 0, 0, 0, 89, 0, 21, 22, 27, 22, 0, 0, 32, 0, 29, 0, 0, 46, 0, 5, 0, 94, 22, 0, 98, 0, 0, 0, 0, 0, 29, 0, 0, 0, 0, 0, 24, 125, 0, 0, 0, 0, 0, 0, 0, 0, 0, 0, 0, 22, 0, 0, 0, 0, 0, 0, 0, 29, 0, 0, 0, 0, 0, 0, 0, 0, 43, 99, 22, 0, 0, 155, 0, 0, 0, 89, 15, 0, 469, 358, 358, 0, 0, 0, 0, 0, 0, 0, 0, 0, 0, 0, 0, 0, 0, 0, 0, 0, 0, 0, 0, 64, 0, 0, 0, 0, 0, 22, 0, 160, 0, 0, 0, 76, 0, 145, 94, 0, 0, 0, 0, 0, 0, 60, 0, 0, 0, 0, 0, 0, 0, 0, 0, 5, 0, 0, 0, 0, 0, 98, 0, 60, 0, 0, 0, 0, 0, 0, 0, 0, 0, 0, 53, 0, 0, 0, 0, 0, 0, 0, 0, 0, 0, 0, 0, 0, 0, 0, 29, 0, 0, 0, 0, 0, 0, 0, 0, 0, 0, 0, 0, 0, 0, 0, 0, 0, 0, 0, 0, 0, 0, 112, 0, 0, 0, 0, 29, 22, 0, 0, 0, 113, 0, 0, 107, 0, 0, 0, 56, 0, 0, 0, 0, 0, 0, 0, 0, 0, 29, 0, 53, 0, 0, 0, 26, 0, 0, 0, 58, 32, 0, 58, 21, 0, 0, 0, 0, 0, 0, 0, 0, 94, 0, 0, 0, 0, 68, 29, 0, 0, 0, 0, 0, 0, 0, 98, 0, 0, 43, 0, 0, 0, 0, 0, 0, 0, 29, 0]"
19,Myotis_brandtii,MPHSSLHPSIPRPRSHKAK-IAAAVLLIACLAAFWVLGESPKHILQCLLLHLASLQLGLLFKRVCSLVEELCHVHSRYQGSYRRAVRACLGSPICFGVLVLLSWYFYDPLPNEAGSPFIWMLPLLGLSEALSIILDLQGLAPAEISTVCEQRNFNVAHGLAWSFYIGYLRLVLPGLPTRIQSYNQSHNNILRGAASHRLYILFPLDCGVPDDLSVVDPNIRLLDELPPQLIDRAGIKARVYKNSIYELLENGKLVGTCVLEYATPLKTLFAMSQDSRAGFSRQDRLEQAKLFCRTLEDILADAPECQNNCRFIVYQEPEEESSFSLSQEILRHLQQEEKEEVTVGSVGTS--VVPDSSTLNQEPQLLISEMDKPLPLRTDIF,7358,"[0, 0, 0, 0, 0, 0, 0, 0, 0, 29, 0, 0, 0, 0, 56, 29, 110, 58, 0, 0, 102, 0, 0, 113, 0, 0, 0, 142, 94, 0, 0, 0, 64, 22, 0, 0, 0, 0, 0, 74, 27, 101, 0, 0, 0, 53, 215, 0, 32, 0, 0, 113, 0, 0, 32, 0, 0, 0, 0, 0, 0, 0, 0, 0, 0, 0, 0, 64, 0, 0, 0, 205, 0, 0, 0, 0, 0, 0, 0, 0, 0, 0, 101, 0, 0, 64, 0, 0, 0, 0, 0, 112, 0, 0, 149, 22, 0, 64, 0, 32, 0, 0, 0, 215, 0, 0, 0, 168, 110, 0, 0, 0, 134, 0, 0, 145, 0, 0, 89, 0, 21, 22, 27, 0, 0, 0, 32, 0, 29, 0, 0, 46, 0, 5, 0, 94, 22, 0, 98, 0, 0, 0, 0, 0, 29, 0, 0, 0, 0, 0, 24, 125, 0, 0, 0, 0, 0, 0, 0, 0, 0, 0, 0, 22, 0, 0, 0, 0, 0, 0, 0, 29, 0, 0, 0, 0, 0, 58, 0, 0, 43, 99, 22, 0, 0, 155, 0, 0, 0, 89, 15, 0, 469, 358, 358, 0, 0, 0, 0, 0, 0, 0, 0, 0, 0, 0, 0, 0, 0, 0, 0, 0, 0, 0, 0, 64, 0, 0, 0, 0, 0, 22, 0, 160, 0, 0, 0, 76, 0, 145, 94, 0, 0, 0, 0, 0, 0, 60, 0, 0, 0, 0, 0, 0, 0, 0, 0, 5, 0, 0, 0, 0, 0, 98, 0, 60, 0, 0, 0, 0, 0, 0, 0, 0, 0, 0, 53, 0, 0, 0, 0, 0, 0, 0, 0, 0, 0, 0, 0, 0, 0, 0, 29, 0, 0, 0, 0, 0, 0, 0, 0, 0, 0, 0, 0, 0, 0, 0, 0, 0, 0, 0, 0, 0, 0, 112, 0, 0, 0, 0, 29, 22, 0, 0, 0, 113, 0, 0, 107, 0, 0, 0, 56, 0, 0, 0, 0, 0, 0, 0, 0, 0, 29, 0, 53, 0, 0, 0, 0, 0, 0, 0, 58, 32, 0, 58, 21, 0, 0, 0, 0, 0, 0, 0, 0, 94, 0, 0, 0, 0, 68, 29, 0, 0, 0, 0, 0, 0, 0, 98, 0, 0, 53, 0, 0, 0, 0, 0, 0, 0, 29, 0]"
20,Myotis_myotis,MPHSSLHPSIPRPRSHTAK-IAAAVLLIACVAAFWFLGESPKHVRQCLLLHLASLQLGLLFKRVCSLVEELRHIHSRYQGSYRRAVRACLGSPIRCGVLVLLSCYFYDPLPNEAGLPFTWMLSLLGLSEALSIILNLQGLAPAEISTVCEQKNFNVAHGLAWSFYIGYLRLVLPGLPARIQSYNQSHNNILRGAASHRLYILFPLDCGVPDDLSVVDPNIRFLHELPPQLTDRAGIKDRVYKNSIYELLENGRLVGTCVLEYATPLKTLFAMSQDSRAGFSRQDRLEQAKLFCRTLEDILADAPECQNNCRFIVYQEPEEESSFSLSQEILRHLQQEEREEVTVGSVGTS--VVPDSSTLNQEPELLISEMDKPLPLRTDIF,7137,"[0, 0, 0, 0, 0, 0, 0, 0, 0, 29, 0, 0, 0, 0, 56, 29, 128, 58, 0, 0, 102, 0, 0, 113, 0, 0, 0, 142, 94, 0, 32, 0, 64, 22, 0, 50, 0, 0, 0, 74, 27, 101, 0, 29, 102, 53, 215, 0, 32, 0, 0, 113, 0, 0, 32, 0, 0, 0, 0, 0, 0, 0, 0, 0, 0, 0, 0, 64, 0, 0, 0, 97, 0, 29, 0, 0, 0, 0, 0, 0, 0, 0, 101, 0, 0, 64, 0, 0, 0, 0, 0, 112, 0, 0, 71, 194, 0, 64, 0, 32, 0, 0, 0, 0, 0, 0, 0, 168, 110, 0, 0, 0, 134, 0, 0, 0, 0, 0, 0, 0, 21, 22, 99, 0, 0, 0, 32, 0, 29, 0, 0, 46, 0, 5, 0, 80, 22, 0, 98, 0, 0, 0, 0, 0, 29, 0, 0, 0, 0, 0, 24, 127, 0, 0, 0, 0, 0, 0, 0, 0, 0, 0, 0, 22, 0, 0, 0, 0, 0, 0, 0, 29, 0, 0, 0, 0, 0, 0, 0, 0, 43, 99, 22, 0, 0, 155, 0, 0, 0, 89, 15, 0, 469, 358, 358, 0, 0, 0, 0, 0, 0, 0, 0, 0, 0, 0, 0, 0, 0, 0, 0, 0, 0, 0, 0, 64, 0, 0, 0, 0, 0, 0, 0, 83, 0, 0, 0, 76, 0, 145, 58, 0, 0, 0, 0, 0, 0, 94, 0, 0, 0, 0, 0, 0, 0, 0, 0, 5, 0, 0, 0, 0, 26, 98, 0, 60, 0, 0, 0, 0, 0, 0, 0, 0, 0, 0, 53, 0, 0, 0, 0, 0, 0, 0, 0, 0, 0, 0, 0, 0, 0, 0, 29, 0, 0, 0, 0, 0, 0, 0, 0, 0, 0, 0, 0, 0, 0, 0, 0, 0, 0, 0, 0, 0, 0, 112, 0, 0, 0, 0, 29, 22, 0, 0, 0, 113, 0, 0, 107, 0, 0, 0, 56, 0, 0, 0, 0, 0, 0, 0, 0, 0, 29, 0, 53, 0, 0, 0, 26, 0, 0, 0, 58, 32, 0, 58, 21, 0, 0, 0, 0, 0, 0, 0, 0, 94, 0, 0, 0, 0, 68, 29, 0, 0, 29, 0, 0, 0, 0, 98, 0, 0, 53, 0, 0, 0, 0, 0, 0, 0, 29, 0]"
21,Myotis_davidii,MPHSSLHPSIPRPRSHTAK-IAAAGLLIACLAAFWFLGESPKHVLQCLLLHLASLQLGLLFKRVCSLVEELRHVHSRYQGSYRRAVRACLGSPIRCGVQVLLSCYFYDALSNKAGLPFTWMLPLLGLSEALSIILNLQGLAPAEISTVCEQRNFNVAHGLAWSFYIGYLRLVLPGLPARIQSYNQSHNNILRGAASHRLYILFPLDCGVPDDLSVVDPNIRFLHELPPQLTDRAGIKGRVYKNSIYELLENGRLVGTCVLEYATPLKTLFAMSQDSRAGFSRQDRLEQAKLFCRTLEDILADAPECQNNCRFIVYQEPEEESSFSLSQEILRHLQQEEREEVTVGSVGTS--VVPDSSTLNQEPELLISEMDKPLPLRTDIF,7072,"[0, 0, 0, 0, 0, 0, 0, 0, 0, 29, 0, 0, 0, 0, 56, 29, 128, 58, 0, 0, 102, 0, 0, 113, 109, 0, 0, 142, 94, 0, 0, 0, 64, 22, 0, 50, 0, 0, 0, 74, 27, 101, 0, 29, 0, 53, 215, 0, 32, 0, 0, 113, 0, 0, 32, 0, 0, 0, 0, 0, 0, 0, 0, 0, 0, 0, 0, 64, 0, 0, 0, 97, 0, 0, 0, 0, 0, 0, 0, 0, 0, 0, 101, 0, 0, 64, 0, 0, 0, 0, 0, 112, 0, 0, 71, 194, 0, 64, 113, 32, 0, 0, 0, 0, 0, 0, 0, 168, 112, 0, 74, 0, 102, 0, 0, 0, 0, 0, 0, 0, 21, 22, 27, 0, 0, 0, 32, 0, 29, 0, 0, 46, 0, 5, 0, 80, 22, 0, 98, 0, 0, 0, 0, 0, 29, 0, 0, 0, 0, 0, 24, 125, 0, 0, 0, 0, 0, 0, 0, 0, 0, 0, 0, 22, 0, 0, 0, 0, 0, 0, 0, 29, 0, 0, 0, 0, 0, 0, 0, 0, 43, 99, 22, 0, 0, 155, 0, 0, 0, 89, 15, 0, 469, 358, 358, 0, 0, 0, 0, 0, 0, 0, 0, 0, 0, 0, 0, 0, 0, 0, 0, 0, 0, 0, 0, 64, 0, 0, 0, 0, 0, 0, 0, 83, 0, 0, 0, 76, 0, 145, 58, 0, 0, 0, 0, 0, 0, 0, 0, 0, 0, 0, 0, 0, 0, 0, 0, 5, 0, 0, 0, 0, 26, 98, 0, 60, 0, 0, 0, 0, 0, 0, 0, 0, 0, 0, 53, 0, 0, 0, 0, 0, 0, 0, 0, 0, 0, 0, 0, 0, 0, 0, 29, 0, 0, 0, 0, 0, 0, 0, 0, 0, 0, 0, 0, 0, 0, 0, 0, 0, 0, 0, 0, 0, 0, 112, 0, 0, 0, 0, 29, 22, 0, 0, 0, 113, 0, 0, 107, 0, 0, 0, 56, 0, 0, 0, 0, 0, 0, 0, 0, 0, 29, 0, 53, 0, 0, 0, 26, 0, 0, 0, 58, 32, 0, 58, 21, 0, 0, 0, 0, 0, 0, 0, 0, 94, 0, 0, 0, 0, 68, 29, 0, 0, 29, 0, 0, 0, 0, 98, 0, 0, 53, 0, 0, 0, 0, 0, 0, 0, 29, 0]"
22,Eptesicus_fuscus,MPHSSLHPSIPRPRGHKAK-KAAFALLIACLAALWGLGEPPTHIIWWLVLHLISLQLRLLFKRVCSLVEELCHVHSRYQGSYWRAVQACLGCPICYGAPLLLSCYFYASLSNK-----ASMLSLLGLSEALSILLDLQGLAPAEVSAVCEQRNFNVAHGLAWSFYIGYLRLVLPGLPARIRSYNQLHNNMLQGAGSHRLYILFPLDCGVPDDLSVADPNIRFLHALPPQHSDRAGIKGRVYTNSVYELLENGRPVGTCVLEYATPLQTLFAMSQDSRAGFSREDRLEQAKLFCRTLEDILADAPECQNNCRFIVYQEPEEESSFSLSQEILRHLQQEEKEEVAVGNVGTL--AVPDSSTLNQEPELLISEMDQPLPLRTDIF,8766,"[0, 0, 0, 0, 0, 0, 0, 0, 0, 29, 0, 0, 0, 0, 0, 29, 110, 58, 0, 0, 0, 0, 0, 0, 64, 0, 0, 142, 94, 0, 0, 0, 64, 0, 0, 109, 0, 0, 0, 0, 27, 85, 0, 0, 5, 110, 0, 0, 0, 0, 0, 113, 94, 0, 32, 0, 0, 125, 0, 0, 0, 0, 0, 0, 0, 0, 0, 64, 0, 0, 0, 205, 0, 0, 0, 0, 0, 0, 0, 0, 0, 0, 0, 0, 0, 64, 43, 0, 0, 0, 0, 0, 0, 0, 149, 0, 0, 0, 98, 0, 0, 0, 0, 0, 0, 0, 0, 94, 144, 0, 74, 0, 102, 358, 469, 373, 366, 492, 58, 177, 21, 22, 99, 0, 0, 0, 32, 0, 29, 0, 0, 46, 0, 0, 0, 94, 22, 0, 98, 0, 0, 0, 0, 0, 0, 0, 58, 0, 0, 0, 24, 125, 0, 0, 0, 0, 0, 0, 0, 0, 0, 0, 0, 22, 0, 0, 0, 0, 0, 0, 0, 29, 0, 0, 0, 0, 0, 0, 0, 0, 0, 99, 22, 0, 0, 22, 0, 0, 0, 81, 15, 43, 469, 358, 469, 0, 0, 0, 0, 0, 0, 0, 0, 0, 0, 0, 0, 0, 0, 0, 0, 0, 0, 0, 0, 0, 0, 0, 0, 0, 0, 0, 0, 83, 107, 0, 0, 76, 0, 89, 99, 0, 0, 0, 0, 0, 0, 0, 0, 0, 0, 78, 0, 0, 29, 0, 0, 5, 0, 0, 0, 0, 26, 0, 0, 60, 0, 0, 0, 0, 0, 0, 0, 0, 0, 0, 0, 0, 0, 0, 0, 0, 0, 0, 0, 0, 0, 0, 0, 0, 0, 0, 0, 0, 0, 0, 0, 0, 0, 0, 0, 0, 0, 0, 0, 0, 0, 0, 0, 0, 0, 0, 0, 0, 0, 112, 0, 0, 0, 0, 29, 22, 0, 0, 0, 113, 0, 0, 107, 0, 0, 0, 56, 0, 0, 0, 0, 0, 0, 0, 0, 0, 29, 0, 53, 0, 0, 0, 0, 0, 0, 0, 0, 32, 0, 65, 21, 0, 0, 145, 0, 0, 64, 0, 0, 94, 0, 0, 0, 0, 68, 29, 0, 0, 29, 0, 0, 0, 0, 98, 0, 0, 0, 0, 0, 0, 0, 0, 0, 0, 29, 0]"
23,Pipistrellus_kuhlii,MPHSGLHPSIPRPRSHKAK-KAAFALLIACLAAFWGLEEPPTHILWWLALHLISQQLQLLFKRACSLAEELCHVHSRYQGSYSRAVQACLGCPIRYGALLLVSCYFYTSLPNK-----AWMLSLLGLSEALSILLDLQGLAPAEVSTVCEQRNFNVAHGLAWSFYIGYLRLVLPGLPARIRSYNQLHNNTLRGTGSHRLYILFPLDCGVPDDLSVVDPNIRFLHKLPPQLSDRAGIKDRIYTNSVYELLENGRQVGTCVLEYATPLQTLFAMSQDSRAGFSREDRLEQAKLFCRTLEDILADAPECQNNWRFIVYEEPEEESSFSLSQEILRHLQQEEREEVPVGNVGALA-AVPDSSTLTQEPELLISDMDQPLPLRTDIF,9776,"[0, 0, 0, 0, 56, 0, 0, 0, 0, 29, 0, 0, 0, 0, 56, 29, 110, 58, 0, 0, 0, 0, 0, 0, 64, 0, 0, 142, 94, 0, 0, 0, 64, 22, 0, 109, 0, 98, 0, 0, 27, 85, 0, 0, 0, 110, 0, 0, 64, 0, 0, 113, 94, 0, 96, 0, 0, 87, 0, 0, 0, 0, 0, 64, 0, 0, 0, 0, 0, 0, 0, 205, 0, 0, 0, 0, 0, 0, 0, 0, 0, 0, 177, 0, 0, 64, 43, 0, 0, 0, 0, 0, 0, 0, 71, 0, 0, 0, 0, 0, 0, 32, 0, 0, 0, 0, 0, 89, 144, 0, 0, 0, 102, 358, 469, 373, 366, 492, 58, 0, 21, 22, 99, 0, 0, 0, 32, 0, 29, 0, 0, 46, 0, 0, 0, 94, 22, 0, 98, 0, 0, 0, 0, 0, 0, 0, 0, 0, 0, 0, 24, 125, 0, 0, 0, 0, 0, 0, 0, 0, 0, 0, 0, 22, 0, 0, 0, 0, 0, 0, 0, 29, 0, 0, 0, 0, 0, 0, 0, 0, 0, 99, 22, 0, 0, 22, 0, 0, 0, 0, 15, 0, 469, 504, 469, 0, 0, 0, 0, 0, 0, 0, 0, 0, 0, 0, 0, 0, 0, 0, 0, 0, 0, 0, 0, 64, 0, 0, 0, 0, 0, 0, 0, 83, 56, 0, 0, 76, 0, 145, 99, 0, 0, 0, 0, 0, 0, 94, 0, 29, 0, 78, 0, 0, 29, 0, 0, 5, 0, 0, 0, 0, 26, 76, 0, 60, 0, 0, 0, 0, 0, 0, 0, 0, 0, 0, 0, 0, 0, 0, 0, 0, 0, 0, 0, 0, 0, 0, 0, 0, 0, 0, 0, 0, 0, 0, 0, 0, 0, 0, 0, 0, 0, 0, 0, 0, 0, 0, 0, 0, 0, 0, 0, 0, 0, 112, 0, 0, 0, 215, 29, 22, 0, 0, 0, 138, 0, 0, 107, 0, 0, 0, 56, 0, 0, 0, 0, 0, 0, 0, 0, 0, 29, 0, 53, 0, 0, 0, 26, 0, 0, 0, 27, 32, 0, 65, 21, 0, 58, 145, 358, 0, 64, 0, 0, 94, 0, 0, 0, 0, 47, 29, 0, 0, 29, 0, 0, 0, 0, 94, 0, 0, 0, 0, 0, 0, 0, 0, 0, 0, 29, 0]"
