X	count
ACACAACATGCCTAGGTGTG	46136450147.2527
ACACAACATGCTTCACTGGA	44427776552.3331
AGCAGTATCGATCCTGTTGA	18069180226.8047
AGCAGTATCGCTTCACTGGA	24308536990.2742
ATACATAGCTATCCTGTTGA	2488216201.02604
ATACATAGCTATTAGACGCG	41191522086.8895
ATACATAGCTCCTAGGTGTG	1449259338.51354
ATACATAGCTCTTCACTGGA	199676951748.8
ATCTTGTAAGCTTCACTGGA	48603060662.0274
CTGTCATTCGCCTAGGTGTG	18121582018.4306
CTTAGTCCAAATCCTGTTGA	513554054.952121
CTTAGTCCAAATTAGACGCG	19348605260.6397
CTTAGTCCAACCTAGGTGTG	2301301413.4739
CTTAGTCCAACTTCACTGGA	7950283384.00703
CTTCGTTAAGATCCTGTTGA	11443509300.0279
CTTCGTTAAGCTTCACTGGA	29172255974.1173
GGAGATATATCTTCACTGGA	41746884304.6821
TAGCTGATAGATCCTGTTGA	681365489.592139
TAGCTGATAGATTAGACGCG	396684633791.294
TAGCTGATAGCCTAGGTGTG	681279522.183788
TAGCTGATAGCTTCACTGGA	74691044087.2624
TCGAGACACGATCCTGTTGA	49723493058.8687
TCGAGACACGCTTCACTGGA	382864621.488942
TCTGTCCGCAATTAGACGCG	18922986573.7451
TGAAGACATGATCCTGTTGA	1772936772.94428
TGAAGACATGATTAGACGCG	13182900822.8093
TGAAGACATGCCTAGGTGTG	625610023.441397
TGAAGACATGCTTCACTGGA	999947671516.928
