ortholog,mutant,protease,kozak,plasmid_template,ace2_position,contact
H.sapiens,WT,none,low,G755A_AttB_[koz-mut]ACE2-IRES-mCherry-H2A-P2A-PuroR,0,
H.sapiens,D355N,none,low,G876C_AttB_[koz-mut]ACE2[D355N]-IRES-mCherry-H2A-P2A-PuroR,355,
H.sapiens,K31D,none,low,G756A_AttB_[koz-mut]ACE2[K31D]-IRES-mCherry-H2A-P2A-PuroR,31,yes
H.sapiens,K353D,none,low,G757A_AttB_[koz-mut]ACE2[K353D]-IRES-mCherry-H2A-P2A-PuroR,353,yes
H.sapiens,D38H,none,low,G822A_AttB_[koz-mut]ACE2[D38H]-IRES-mCherry-H2A-P2A-PuroR,38,yes
H.sapiens,G326E,none,low,G877A_AttB_[koz-mut]ACE2[G326E]-IRES-mCherry-H2A-P2A-PuroR,326,
H.sapiens,G352V,none,low,G846A_AttB_[koz-mut]ACE2[G352V]-IRES-mCherry-H2A-P2A-PuroR,352,
H.sapiens,I21N,none,low,G844A_AttB_[koz-mut]ACE2[I21N]-IRES-mCherry-H2A-P2A-PuroR,21,yes
H.sapiens,K26E,none,low,G843A_AttB_[koz-mut]ACE2[K26E]-IRES-mCherry-H2A-P2A-PuroR,26,
H.sapiens,K26R,none,low,G826A_AttB_[koz-mut]ACE2[K26R]-IRES-mCherry-H2A-P2A-PuroR,NA,
H.sapiens,E23K,none,low,G824D_AttB_[koz-mut]ACE2[E23K]-IRES-mCherry-H2A-P2A-PuroR,23,
H.sapiens,E329G,none,low,G845A_AttB_[koz-mut]ACE2[E329G]-IRES-mCherry-H2A-P2A-PuroR,329,
H.sapiens,E35K,none,low,G849A_AttB_[koz-mut]ACE2[E35K]-IRES-mCherry-H2A-P2A-PuroR,35,yes