name,clade
RaTG15,4
RmYN05,4
RmYN08,4
Rs7905,4
Rs7907,4
Rs7921,4
Rs7924,4
Rs7931,4
Rs7952,4
Rs7986,4
RsYN04,4
Rc-kw8,5
Rc-mk2,5
Rc-o319,5
Rc-os20,5
LYRa11,1
LYRa3,1
Rs3367,1
Rs4874,1
Rs7327,1
Rs9401,1
WIV1,1
WIV16,1
YN2016A,1
YN2016C,1
YN2016E,1
YN2018B,1
Rs4084,1
Rs4231,1
RsSHC014,1
YN2020F,1
A021,1
A022,1
B012,1
B033,1
C013,1
C014,1
CS21,1
CS24,1
cSZ03,1
ES191,1
GD322,1
hGD03,1
SARS-CoV,1
WF188,1
3SCI_Civet,1
BANAL-103,1
BANAL-236,1
BANAL-52,1
Guangdong/1/2019,1
Guangxi/P2V/2017,1
MP789,1
RaTG13,1
RShSTT182,1
RShSTT200,1
SARS-CoV-2,1
7BBH_Pangolin,1
ON-WTD-04581-2582,1
ON-WTD-04645-24062,1
ON-WTD-04658-2372,1
SARS2_Alpha,1
SARS2_Beta,1
SARS2_Delta,1
SARS2_Gamma,1
SARS2_ImmunoC,1
SARS2_Mink,1
SARS2_Omicron_BA.1,1
SARS2_Omicron_BA.2,1
SARS2_Omicron_BA.4,1
SARS2_Omicron_BA.5,1
SARS2_Omicron_BA2.12.1,1
As6526,2
Rp3,2
Rs4081,2
Rs4237,2
AH2021A,2
BtRI-SC2018,2
FJ2021D,2
GD2016B,2
GD2017I,2
GD2019E,2
GX2013,2
GZ2021C,2
GZ2021I,2
HB2020E,2
HKU3-11,2
HKU3-13,2
HKU3-3,2
HKU3-7,2
HKU3-8,2
HuB2013,2
JX2021C,2
JX2021K,2
Longquan-140,2
Rs4247,2
Rs806-2006,2
273-2005,2
HeB2013,2
Jiyuan-84,2
JL2012,2
LN2020B,2
LN2020C,2
LN2020F,2
Rf1,2
Rf4092,2
YNLF_31C,2
YNLF_34C,2
279-2005,2
BANAL-116,2
BANAL-247,2
BC279,2
HN2021F,2
JX2021AC,2
JX2021D,2
JX2021M,2
JX2021P,2
MLHJC35,2
RacCS203,2
RmYN01,2
RmYN02,2
RpYN06,2
RsYN09,2
Shaanxi2011,2
YN2013,2
Yunnan2011,2
ZC45,2
ZXC21,2
BB9904,3
BM48-31,3
BtKY72,3
Khosta-1,3
Khosta-2,3
PDF-2370,3
PDF-2386,3
PRD-0038,3
RhGB01,3
Rs3369,1
Rc-CoV-3,5
SARS2_IRN/2811-63,1
Rs4079,1