ortholog,mutant,protease,kozak,accession,plasmid_template,sequence
H.sapiens,WT,TMPRSS2,high,NP_001358344.1,G852C_AttB_ACE2-2A-TMPRSS2_IRES_miRFP670-H2A-P2A-PuroR,MSSSSWLLLSLVAVTAAQSTIEEQAKTFLDKFNHEAEDLFYQSSLASWNYNTNITEENVQNMNNAGDKWSAFLKEQSTLAQMYPLQEIQNLTVKLQLQALQQNGSSVLSEDKSKRLNTILNTMSTIYSTGKVCNPDNPQECLLLEPGLNEIMANSLDYNERLWAWESWRSEVGKQLRPLYEEYVVLKNEMARANHYEDYGDYWRGDYEVNGVDGYDYSRGQLIEDVEHTFEEIKPLYEHLHAYVRAKLMNAYPSYISPIGCLPAHLLGDMWGRFWTNLYSLTVPFGQKPNIDVTDAMVDQAWDAQRIFKEAEKFFVSVGLPNMTQGFWENSMLTDPGNVQKAVCHPTAWDLGKGDFRILMCTKVTMDDFLTAHHEMGHIQYDMAYAAQPFLLRNGANEGFHEAVGEIMSLSAATPKHLKSIGLLSPDFQEDNETEINFLLKQALTIVGTLPFTYMLEKWRWIVFKGEIPKDQWMKKWWEMKREIVGVVEPVPHDETYCDPASLFHVSNDYSFIRYYTRTLYQFQFQEALCQAAKHEGPLHKCDISNSTEAGQKLFNMLRLGKSEPWTLALENVVGAKNMNVRPLLNYFEPLFTWLKDQNKNSFVGWSTDWSPYADQSIKVRISLKSALGDKAYEWNDNEMYLFRSSVAYAMRQYFLKVKNQMILFGEEDVRVANLKPRISFNFFVTAPKNVSDIIPRTEVEKAIRMSRSRINDAFRLNDNSLEFLGIQPTLGPPNQPPVSIWLIVFGVVMGVIVVGIVILIFTGIRDRKKKNKARSGENPYASIDISKGENNPGFQNTDDVQTSFGTETSQVAPA
R.affinis,WT,TMPRSS2,high,QMQ39222.1,G987A_AttB_ACE2[R.affinis+ferrum]-2A-TMPRSS2_IRES-miRFP670-P2A-PuroR,MSGSSWLLLSLVAVTAAQSTTEDRAKIFLDNFNREAEELSYQSSLASWEYNTNISDENVQKMDEAGAKWSAFYEEQSKLAKNYPLEEIQTVPVKLQLQILQQSGSPVLSEDKSKRLNSILNAMSTIYSTGKVCKPNNPQECFLLEPGLDNIMGTSKDYNERLWAWEGWRAEVGKQLRPLYEEYVVLKNEMARGYHYEDYGDYWRRDYETEESSGSGYSRDQLMKDVDRIFTEIKPLYEHLHAYVRTKLMDTYPFHISPTGCLPAHLLGDMWGRFWTNLYPLTVPFGQKPNIDVTDAMVNQGWDANRIFKEAEKFFVSVGLPNMTEGFWNNSMLTEPGDGRKVVCHPTAWDLGKGDFRIKMCTKVTMEDFLTAHHEMGHIQYDMAYATQPYLLRNGANEGFHEAVGEVMSLSVATPKHLKTMGLLSPDFLEDNETEINFLLKQALNIVGTLPFTYMLEKWRWMVFRGEIPKEEWMKKWWEMKRDLVGVVEPVPHDETYCDPASLFHVANDYSFIRYYTRTIFEFQFHEALCRIAQHDGPLHKCDISNSTDAGKKLHQMLSVGKSQPWTVTLKDIVDSRNMDVGPLLRYFEPLYTWLTEQNRKSFVGWNTDWSPYADQSIKVRISLKSALGEKAYEWNNNEMYLFRSSVAYAMREYFLKTKNQTILFGEEDVWVSNLKPRISFNFYVTSPRNLSDIIPRPEVEGAIRMSRSRINDAFRLDDNSLEFLGIQPTLGPPYQPPVTIWLIVFGVVMAVVVVGIVVLIITGIRDRRKKDQARSEENPYSSVDLSKGENNPGFQNGDDVQTSFGTETSQVAPA
R.alcyone,WT,TMPRSS2,high,ALJ94035.1,G988A_AttB_ACE2[R.alcyone+ferrum]-2A-TMPRSS2_IRES-miRFP670-P2A-PuroR,MSGSSWLFLSLVAVAAAQSTPEDLAKIFLDNFNSEAENLSHQSSLASWEYNTNISDENIQKMDEAGAKWSDFYETQSKHAKNFSLEEIHNDTVKLQLQILQQSGSPVLSEDKSKRLNSILNAMSTIYSTGKVCRPNNPQECLLLEPGLDNIMGTSKDYNERLWAWEGWRAEVGKQLRPLYEEYVVLKNEMARGYHYEDYGDYWRRDYETEGSPDLEYSRDQLTKDVERIFAEIKPLYEQLHAYVRTKLMDTYPFHISPTGCLPAHLLGDMWGRFWTNLYPLTVPFAQKPNIDVTDAMLNQTWDAKRIFKEAEKFFVSIGLPHMTEGFWNNSMLTDPGDGRKVVCHPTAWDLGKGDFRIKMCTKVTMEDFLTAHHEMGHIQYDMAYASQPYLLRNGANEGFHEAVGEVMSLSVATPKHLKTMGLLSPDFLEDNETEINFLFKQALTIVGTLPFTYMLEKWRWMVFKGEIPKEEWMTKWWEMKRKIVGVVEPVPHDETYCDPASLFHVANDYSFIRYYTRTIFEFQFHEALCRIAKHDGPLHKCDISNSTDAGKKLHQMLSVGKSQPWTSVLKDFVDSKDMDVGPLLRYFEPLYTWLTEQNRKSFVGWNTDWSPYADQSIKVRISLKSALGEKAYEWNNNEMYLFRSSVAYAMREYFLKTKNQTILFGEEDVWVSNLKPRISFNFYVTSPRNLSDIIPRPEVEGAIRMSRSRINDAFRLDDNSLEFLGIQPTLGPPYQPPVTIWLIVFGVVMAVVVVGIVVLIITGIRDRRKKDQARSEENPYSSVDLSKGENNPGFQNGDDVQTSFGTETSQVAPA
R.ferrumequinum,WT,TMPRSS2,high,XP_032963186.1,G1087L_AttB_ACE2[R.ferrum]-2A-TMPRSS2_IRES_miRFP670-H2A-P2A-PuroR,MSGSSWLLLSLVAVTAAQSTTEDLAKKFLDDFNSEAENLSHQSSLASWEYNTNISDENVQKMDEAGAKWSDFYKKQSKLAKNFSLEEIHNDTVKLQLQILQQSGSPVLSEDKSKRLNSILNAMSTIYSTGKVCKPNNPQECLLLEPGLDNIMETSKDYNERLWAWEGWRAEVGKQLRPLYEEYVVLKNEMARGYHYEDYGDYWRRDYETEGSPDLEYSRDQLIKDVERIFAEIKPLYEQLHAYVRTKLMDTYPFHISPTGCLPAHLLGDMWGRFWTNLYSLTVPFGQKPNIDVTDAMLNQNWDAKRIFKEAEKFFVSIGLPNMTEGFWNNSMLTDPGDGRKVVCHPTAWDLGKGDFRIKMCTKVTMEDFLTAHHEMGHIQYDMAYASQPYLLRNGANEGFHEAVGEVMSLSVATPKHLKTMGLLSSDFLEDNETEINFLFKQALNIVGTLPFTYMLEKWRWMVFKGEIPKEEWMKKWWEMKRKIVGVVEPVPHDETYCDPASLFHVANDYSFIRYYTRTIFEFQFHEALCRIAKHDGPLHKCDISNSTDAGEKLHQMLSVGKSQPWTSVLKDFVGSKNMDVGPLLRYFEPLYTWLTEQNRKSFVGWNTDWSPYADQSIKVRISLKSALGEKAYEWNNNEMYLFRSSVAYAMREYFLKTKNQTILFGEEDVWVSNLKPRISFNFYVTSPRNLSDIIPRPEVEGAIRMSRSRINDAFRLDDNSLEFLGIQPTLGPPYQPPVTIWLIVFGVVMAVVVVGIVVLIITGIRDRRKKDQARSEENPYSSVDLSKGENNPGFQNGDDVQTSFGTETSQVAPA
R.landeri,WT,TMPRSS2,high,ALJ94034.1,G999D_AttB_ACE2[R.landeri+ferrum]-2A-TMPRSS2_IRES-miRFP670-P2A-PuroR,MSGSSWLFLSLVAVTAAQSTPEDLAKTFLDDFNSAAENLSYQSSLASWEYNTNISDENIQKMDEAGAKWSDFYETQSKHAKNFSLEEIHNDTVKLQLQILQQSGSPVLSEDKSKRLNSILNAMSTIYSTGKVCRPNNPQECLLLEPGLDNIMGTSKDYNERLWAWEGWRAEVGKQLRPLYEEYVVLKNEMARGYHYEDYGDYWRRDYETEGSPDLEYSRDQLTKDVERIFAEIKPLYEQLHAYVRAKLMDTYPFHISPTGCLPAHLLGDMWGRFWTNLYPLTVPFGQKPNIDVTDAMLNQTWDAKRIFKEAEKFFVSIGLPHMTEGFWNNSMLTDPGDGRKVVCHPTAWDLGKGDFRIKMCTKVTMEDFLTAHHEMGHIQYDMAYASQPYLLRNGANEGFHEAVGEVMSLSVATPKHLKTMGLLSPDFLEDNETEINFLFKQALTIVGTLPFTYMLEKWRWMVFKGEIPKEEWMTKWWEMKRKIVGVVEPVPHDETYCDPASLFHVANDYSFIRYYTRTIFEFQFHEALCRIAKHDGPLHKCDISNSTDAGKKLHQMLSVGKSQPWTSVLKDFVDSKDMDVGPLLRYFEPLYTWLTEQNRKSFVGWNTDWSPYADQSIKVRISLKSALGEKAYEWNNNEMYLFRSSVAYAMREYFLKTKNQTILFGEEDVWVSNLKPRISFNFYVTSPRNLSDIIPRPEVEGAIRMSRSRINDAFRLDDNSLEFLGIQPTLGPPYQPPVTIWLIVFGVVMAVVVVGIVVLIITGIRDRRKKDQARSEENPYSSVDLSKGENNPGFQNGDDVQTSFGTETSQVAPA
R.pearsonii,WT,TMPRSS2,high,QKE49996.1,G1118A_AttB_ACE2[R.pearsonii+ferrum]-2A-TMPRSS2_IRES-mCherry-P2A-PuroR,MSGSFWLLLSLVAVTAAQSTTEDQAKIFLDKFNREAEDLSHESSLASWEYNTNISDENVQKMDEAGAKWSAFYEEQSKLAKDYPLEEIQNSTVKLQLQILQQSGSPVLSEDKSKRLNSILNAMSTIYSTGKVCKPNNPQECLLLEPGLDNIMGTSKDYSERLWAWEGWRAEVGKQLRPLYEEYVVLKNEMARGYHYEDYGDYWRRDYETEESPGPGYSRDQLMNDVERILTEIKPLYEHLHAYVRTKLMDTYPFHISPTGCLPAHLLGDMWGRFWTNLYPLTVPFGQKPNIDVTDAMVNQGWDANRIFKEAEKFFVSVGLPNMTEGFWNNSMLTEPGDGRKVVCHPTAWDLGKDDFRIKMCTKVTMEDFLTAHHEMGHIQYDMAYASQPYLLRNGANEGFHEAVGEVMSLSVATPKHLKTMGLLSPDFREDNETEINFLLKQALNIVGTLPFTYMLEKWRWMVFKGEIPKEEWMKKWWEMKRDIVGVVEPVPHDETYCDPASLFHVANDYSFIRYYTRTILEFQFHEALCRIAQHDGPLHKCDISNSTEAGKKLHQMLRVGKSKPWTVTLKDIVDSRNMDVGPLLRYFEPLYTWLTEQNRKSFVGWNTDWSPYADQSIKVRISLKSALGEKAYEWNNNEMYLFRSSVAYAMREYFLKTKNQTILFGEEDVWVSNLKPRISFNFYVTSPRNLSDIIPRPEVEGAIRMSRSRINDAFRLDDNSLEFLGIQPTLGPPYQPPVTIWLIVFGVVMAVVVVGIVVLIITGIRDRRKKDQARSEENPYSSVDLSKGENNPGFQNGDDVQTSFGTETSQVAPA
R.sinicus_200,WT,TMPRSS2,high,QMQ39200.1,G974D_AttB_ACE2[R.sinicus200+ferrum]-2A-TMPRSS2_IRES-miRFP670-P2A-PuroR,MSGSSWLLLSLVAVTTAQFTTEDLAKIFLDEFNFEAENLSYQSSLASWDYNTNINDENVQKMDEAGAKWSAFYEEQSKLAKNYPLEQIQNVTVKLQLQILQQSGSPVLSEDKSKRLNSILNAMSTIYSTGKVCKPNKPHECLLLEPGLDNIMGTSKDYNERLWAWEGWRAEVGKQLRPLYEEYVVLKNEMARGYHYEDYGDYWRRDYETEESPGPGYSRDQLMKDVERIFTEIKPLYEHLHAYVRAKLMDTYPFHISPTGCLPAHLLGDMWGRFWTNLYPLTVPFGQKPNIDVTDEMLKQGWDADRIFKEAEKFFVSVGLPNMTEGFWNNSMLTEPGDGRKVVCHPTAWDLGKGDFRIKMCTKVTMEDFLTAHHEMGHIQYDMAYASQPYLLRNGANEGFHEAVGEVMSLSVATPKHLKTMGLLSPDFREDNETEINFLLKQALNIVGTLPFTYMLEKWRWMVFKGEIPKEEWMKKWWEMKRKIVGVVEPVPHDETYCDPASLFHVANDYSFIRYYTRTIFEFQFHEALCRIAQHDGPLHKCDISNSTDAGKKLHQMLSVGKSQAWTKTLEDIVDSRNMDVGPLLRYFEPLYTWLTEQNRKSFVGWNTDWSPYADQSIKVRISLKSALGEKAYEWNNNEMYLFRSSVAYAMREYFLKTKNQTILFGEEDVWVSNLKPRISFNFYVTSPRNLSDIIPRPEVEGAIRMSRSRINDAFRLDDNSLEFLGIQPTLGPPYQPPVTIWLIVFGVVMAVVVVGIVVLIITGIRDRRKKDQARSEENPYSSVDLSKGENNPGFQNGDDVQTSFGTETSQVAPA
R.sinicus_215,WT,TMPRSS2,high,QMQ39215.1,G975C_AttB_ACE2[R.sinicus215+ferrum]-2A-TMPRSS2_IRES-miRFP670-P2A-PuroR,MSGSSWLLLSLVAVTTAQSTTEDRAKTFLDEFNSEAENLSYQSSLASWDYNTNINDENVQKMDEAGAKWSAFYEEQSKLAKNYSLEQIQNVTVKLQLQILQQSGSPVLSEDKSKRLNSILNAMSTIYSTGKVCKPNKPQECLLLEPGLDNIMGTSKDYNERLWAWEGWRAEVGKQLRPLYEEYVVLKNEMARGYHYEDYGDYWRRDYETEESPGPGYSRDQLMKDVERIFTEIKPLYEHLHAYVRAKLMDTYPFHISPTGCLPAHLLGDMWGRFWTNLYPLTVPFGQKPNIDVTDEMLKQGWDADRIFKEAEKFFMSVGLPNMTEGFWNNSMLTEPGDGRKVVCHPTAWDLGKGDFRIKMCTKVTMEDFLTAHHEMGHIQYDMAYASQPYLLRNGANEGFHEAVGEVMSLSVATPKHLKTMGLLSPDFREDNETEINFLLKQALNIVGTLPFTYMLEKWRWMVFKGEIPKEEWMKKWWEMKRKIVGVVEPVPHDETYCDPASLFHVANDYSFIRYYTRTIFEFQFHEALCRIAQHDGPLHKCDISNSTDAGKKLHQMLSVGKSQAWTKTLEDIVDSRNMDVGPLLRYFEPLYTWLTEQNRKSFVGWNTDWSPYADQSIKVRISLKSALGEKAYEWNNNEMYLFRSSVAYAMREYFLKTKNQTILFGEEDVWVSNLKPRISFNFYVTSPRNLSDIIPRPEVEGAIRMSRSRINDAFRLDDNSLEFLGIQPTLGPPYQPPVTIWLIVFGVVMAVVVVGIVVLIITGIRDRRKKDQARSEENPYSSVDLSKGENNPGFQNGDDVQTSFGTETSQVAPA
R.sinicus_472,WT,TMPRSS2,high,ADN93472.1,G973A_AttB_ACE2[R.sinicus472+ferrum]-2A-TMPRSS2_IRES-miRFP670-P2A-PuroR,MSGSFWFLLSLVAVTTAQSTTEDEAKIFLDKFNTKAEDLSHQSSLASWDYNTNINDENVQKMDEAGAKWSAFYEEQSKLAKNYPLEQIQNVTVKLQLQILQQSGSPVLSEDKSKRLNSILNAMSTIYSTGKVCKPNKPHECLLLEPGLDNIMGTSKDYNERLWAWEGWRAEVGKQLRPLYEEYVVLKNEMARGYHYEDYGDYWRRDYETEESPGPGYSRDQLMKDVERIFTEIKPLYEHLHAYVRAKLMDTYPFHISPTGCLPAHLLGDMWGRFWTNLYPLTVPFGQKPNIDVTDEMLKQGWDADRIFKEAEKFFVSVGLPNMTEGFWNNSMLTEPGDGRKVVCHPTAWDLGKGDFRIKMCTKVTMEDFLTAHHEMGHIQYDMAYASQPYLLRNGANEGFHEAVGEVMSLSVATPKHLKTMGLLSPDFREDNETEINFLLKQALNIVGTLPFTYMLEKWMWMVFKGEIPKEEWMKKWLEMKRKIVGVVEPVPHDETYCDPASLFHVANDYSFIRYYTRTIFEFQFHEALCRIAQHDGPLHKCDISNSTDAGKKLHQMLSVGKSKAWTETLKDIVDSRNMDVGPLLRYFEPLYTWLTEQNRKSFVGWNTDWSPYADQSIKVRISLKSALGEKAYEWNNNEMYLFRSSVAYAMREYFLKTKNQTILFGEEDVWVSNLKPRISFNFYVTSPRNLSDIIPRPEVEGAIRMSRSRINDAFRLDDNSLEFLGIQPTLGPPYQPPVTIWLIVFGVVMAVVVVGIVVLIITGIRDRRKKDQARSEENPYSSVDLSKGENNPGFQNGDDVQTSFGTETSQVAPA
R.shameli,WT,TMPRSS2,high,UBB59645.1,J3C_AttB_ACE2[Shameli+ferrum]-2A-TMPRSS2_IRES-mCherry-P2A-PuroR,MSGSSWLLLSLVAVTAAQSTTEDRAKAFLDKFNPEAEELSHQSSLASWEYNTNISDENVQKMDEAGAKWSAFYEEQSKLAKNFPLEEIQTVPVKLQLQILQQSGSPVLSEDKSKRLNSILNAMSTIYSTGKVCKPNNPQECFLLEPGLDNIMGTSKDYNERLWAWEGWRAEVGKQLRPLYEEYVVLKNEMARGYHYEDYGDYWRRDYETEESSGSGYSRDQLMKDVDRIFTEIKPLYEHLHAYVRTKLMDTYPFHISPTGCLPAHLLGDMWGRFWTNLYPLTVPFGQKPNIDVTDAMVNQGWDANRIFKEAEKFFVSVGLPNMTEGFWNNSMLTEPGDGRKVVCHPTAWDLGKNDFRIKMCTKVTMEDFLTAHHEMGHIQYDMAYATQPYLLRNGANEGFHEAVGEVMSLSVATPKHLKTMGLLSPDFLEDNETEINFLLKQALNIVGTLPFTYMLEKWRWMVFRGEIPKEEWMKKWWEMKRDLVGVVEPVPHDETYCDPASLFHVANDYSFIRYYTRTIFEFQFHEALCRIAQHDGPLHKCDISNSTDAGKKLHQMLSVGKSQPWTVTLKDIVDSRNMDVGPLLRYFEPLYTWLTEQNRKSFVGWNTDWSPYADQSIKVRISLKSALGEKAYEWNNNEMYLFRSSVAYAMREYFLKTKNQTILFGEEDVWVSNLKPRISFNFYVTSPRNLSDIIPRPEVEGAIRMSRSRINDAFRLDDNSLEFLGIQPTLGPPYQPPVTIWLIVFGVVMAVVVVGIVVLIITGIRDRRKKDQARSEENPYSSVDLSKGENNPGFQNGDDVQTSFGTETSQVAPA
R.sinicus_275,WT,TMPRSS2,high,ACT66275.1,G1220A_AttB_ACE2[Luban-Sinicus]-2A-TMPRSS2_IRES_miRFP670-H2A-P2A-PuroR,MSSSSWLLLSLVAVTTAQFTTEDLAKIFLDEFNSEAENLSYQSSLASWDYNTNINDENVQKMDEAGAKWSAFYEEQSKLAKNYPLEQIQNVTVKLQLQILQQSGSPVLSEDKSKRLNSILNAMSTIYSTGKVCKPNKPHECLLLEPGLDNIMGTSKDYSERLWAWEGWRAEVGKQLRPLYEEYVVLKNEMARGYHYEDYGDYWRRDYETEESPGPGYSRDQLMKDVERIFTEIKPLYEHLHAYVRAKLMDTYPFHISPTGCLPAHLLGDMWGRFWTNLYPLTVPFGQKPNIDVTDEMLKQGWDADRIFKEAEKFFVSVGLPNMTEGFWNNSMLTEPGDGRKVVCHPTAWDLGKGDFRIKMCTKVTMEDFLTAHHEMGHIQYDMAYASQPYLLRNGANEGFHEAVGEVMSLSVATPKHLKTMGLLSPDFREDNETEINFLLKQALNIVGTLPFTYMLEKWRWMVFKGEIPKEEWMKKWWEMKRKIVGVVEPVPHDETYCDPASLFHVANDYSFIRYYTRTIFEFQFHEALCRIAQHDGPLHKCDISNSTDAGKKLHQMLSVGKSQAWTKTLEDIVDSRNMDVGPLLRYFEPLYTWLQEQNRKSYVGWNTDWSPYSDQSIKVRISLKSALGENAYEWNDNEMYLFRSSVAYAMREYFLKEKHQTILFGAENVWVSNLKPRISFNFHVTSPGNLSDIIPRPEVEGAIRMSRSRINDAFRLDDNSLEFLGIQPTLGPPYQPPVTIWLIVFGVVMAVVVVGIVVLIITGIRDRRKTDQARSEENPYSSVDLSKGENNPGFQNGDDVQTSFGTETSQVAPA
M.javanica,WT,TMPRSS2,high,XP_017505752.1,G1221C_AttB_ACE2[Luban-Pangolin]-2A-TMPRSS2_IRES_miRFP670-H2A-P2A-PuroR,MSGSSWLLLSLVAVTAAQSTSDEEAKTFLEKFNSEAEELSYQSSLASWNYNTNITDENVQKMNVAGAKWSTFYEEQSKIAKNYQLQNIQNDTIKRQLQALQLSGSSALSADKNQRLNTILNTMSTIYSTGKVCNPGNPQECSLLEPGLDNIMESSKDYNERLWAWEGWRSEVGKQLRPLYEEYVVLKNEMARANHYEDYGDYWRGDYEAEGANGYNYSRDHLIEDVEHIFTQIKPLYEHLHAYVRAKLMDNYPSHISPTGCLPAHLLGDMWGRFWTNLYPLTVPFRQKPNIDVTDAMVNQTWDANRIFKEAEKFFVSVGLPKMTQTFWENSMLTEPGDGRKVVCHPTAWDLGKHDFRIKMCTKVTMDDFLTAHHEMGHIQYDMAYAMQPYLLRNGANEGFHEAVGEIMSLSAATPKHLKNIGLLPPDFYEDNETEINFLLKQALTIVGTLPFTYMLEKWRWMVFSGQIPKEQWMKKWWEMKREIVGVVEPVPHDETYCDPASLFHVANDYSFIRYYTRTIYQFQFQEALCQTAKHEGPLHKCDISNSAEAGQKLLQMLSLGKSKPWTLALERVVGTKNMDVRPLLNYFEPLLTWLKEQNKNSFVGWNTDWSPYAAQSIKVRISLKSALGEKAYEWNDSEMYLFRSSVAYAMREYFSKVKKQTIPFEDECVRVSDLKPRVSFIFFVTLPKNVSAVIPRAEVEEAIRISRSRINDAFRLDDNSLEFLGIQPTLQPPYQPPVTIWLIVFGVVMGVVVVGIVVLIFTGIRDRKKKDQARSEQNPYASVDLSKGENNPGFQNVDDVQTSFGTETSQVAPA
S.scrofa,WT,TMPRSS2,high,NP_001116542.1,G1222A_AttB_ACE2[Luban-Pig]-2A-TMPRSS2_IRES_miRFP670-H2A-P2A-PuroR,MSGSFWLLLSLIPVTAAQSTTEELAKTFLEKFNLEAEDLAYQSSLASWTINTNITDENIQKMNDARAKWSAFYEEQSRIAKTYPLDEIQTLILKRQLQALQQSGTSGLSADKSKRLNTILNTMSTIYSSGKVLDPNNPQECLVLEPGLDEIMENSKDYSRRLWAWESWRAEVGKQLRPLYEEYVVLENEMARANNYEDYGDYWRGDYEVTGTGDYDYSRNQLMEDVERTFAEIKPLYEHLHAYVRAKLMDAYPSRISPTGCLPAHLLGDMWGRFWTNLYPLTVPFGEKPSIDVTEAMVNQSWDAIRIFEEAEKFFVSIGLPNMTQGFWNNSMLTEPGDGRKVVCHPTAWDLGKGDFRIKMCTKVTMDDFLTAHHEMGHIQYDMAYAIQPYLLRNGANEGFHEAVGEIMSLSAATPHYLKALGLLPPDFYEDSETEINFLLKQALTIVGTLPFTYMLEKWRWMVFKGEIPKEQWMQKWWEMKREIVGVVEPLPHDETYCDPACLFHVAEDYSFIRYYTRTIYQFQFHEALCRTAKHEGPLYKCDISNSTEAGQKLLQMLSLGKSEPWTLALENIVGVKTMDVKPLLSYFEPLLTWLKAQNGNSSVGWNTDWTPYADQSIKVRISLKSALGEDAYEWNDNEMYLFRSSIAYAMRNYFSSAKNETIPFGAVDVWVSDLKPRISFNFFVTSPANMSDIIPRSDVEKAISMSRSRINDAFRLDDNTLEFLGIQPTLGPPDEPPVTVWLIIFGVVMGLVVVGIVVLIFTGIRDRRKKKQASSEENPYGSMDLSKGESNSGFQNGDDIQTSFGTETSQVAPA
M.musculus,WT,TMPRSS2,high,NP_001123985.1,G1224F_AttB_ACE2[mouse]-2A-TMPRSS2_IRES_miRFP670-H2A-P2A-PuroR,MSSSSWLLLSLVAVTTAQSLTEENAKTFLNNFNQEAEDLSYQSSLASWNYNTNITEENAQKMSEAAAKWSAFYEEQSKTAQSFSLQEIQTPIIKRQLQALQQSGSSALSADKNKQLNTILNTMSTIYSTGKVCNPKNPQECLLLEPGLDEIMATSTDYNSRLWAWEGWRAEVGKQLRPLYEEYVVLKNEMARANNYNDYGDYWRGDYEAEGADGYNYNRNQLIEDVERTFAEIKPLYEHLHAYVRRKLMDTYPSYISPTGCLPAHLLGDMWGRFWTNLYPLTVPFAQKPNIDVTDAMMNQGWDAERIFQEAEKFFVSVGLPHMTQGFWANSMLTEPADGRKVVCHPTAWDLGHGDFRIKMCTKVTMDNFLTAHHEMGHIQYDMAYARQPFLLRNGANEGFHEAVGEIMSLSAATPKHLKSIGLLPSDFQEDSETEINFLLKQALTIVGTLPFTYMLEKWRWMVFRGEIPKEQWMKKWWEMKREIVGVVEPLPHDETYCDPASLFHVSNDYSFIRYYTRTIYQFQFQEALCQAAKYNGSLHKCDISNSTEAGQKLLKMLSLGNSEPWTKALENVVGARNMDVKPLLNYFQPLFDWLKEQNRNSFVGWNTEWSPYADQSIKVRISLKSALGANAYEWTNNEMFLFRSSVAYAMRKYFSIIKNQTVPFLEEDVRVSDLKPRVSFYFFVTSPQNVSDVIPRSEVEDAIRMSRGRINDVFGLNDNSLEFLGIHPTLEPPYQPPVTIWLIIFGVVMALVVVGIIILIVTGIKGRKKKNETKREENPYDSMDIGKGESNAGFQNSDDAQTSF